genome.genome_id	genome_drug.genome_id	genome_drug.antibiotic	genome_drug.resistant_phenotype
1094167.3	1094167.3	amoxicillin/clavulanic acid	
1094167.3	1094167.3	amikacin	
1094167.3	1094167.3	ampicillin	
1094167.3	1094167.3	aztreonam	
1094167.3	1094167.3	ceftazidime	
1094167.3	1094167.3	cefazolin	
1094167.3	1094167.3	chloramphenicol	
1094167.3	1094167.3	ciprofloxacin	
1094167.3	1094167.3	ceftriaxone	
1094167.3	1094167.3	colistin	
1094167.3	1094167.3	cefotaxime	
1094167.3	1094167.3	cefotaxime/clavulanic acid	
1094167.3	1094167.3	cefuroxime	
1094167.3	1094167.3	doripenem	
1094167.3	1094167.3	ertapenem	
1094167.3	1094167.3	cefepime	
1094167.3	1094167.3	fosfomycin	
1094167.3	1094167.3	cefoxitin	
1094167.3	1094167.3	gentamicin	
1094167.3	1094167.3	imipenem	
1094167.3	1094167.3	levofloxacin	
1094167.3	1094167.3	meropenem	
1094167.3	1094167.3	minocycline	
1094167.3	1094167.3	nitrofurantoin	
1094167.3	1094167.3	ampicillin/sulbactam	
1094167.3	1094167.3	tetracycline	
1094167.3	1094167.3	tigecycline	
1094167.3	1094167.3	tobramycin	
1094167.3	1094167.3	piperacillin/tazobactam	
1094167.3	1094167.3	cefotaxime	
1094167.3	1094167.3	levofloxacin	
1094167.3	1094167.3	meropenem	
1094167.3	1094167.3	tetracycline	
1094167.3	1094167.3	rifampin	
1094167.3	1094167.3	piperacillin/tazobactam	
1094167.3	1094167.3	tigecycline	
1094167.3	1094167.3	gentamicin	
1094167.3	1094167.3	ciprofloxacin	
1094167.3	1094167.3	cefepime	
1094167.3	1094167.3	aztreonam	
1094167.3	1094167.3	tobramycin	
1094167.3	1094167.3	ceftriaxone	
1094167.3	1094167.3	cefoxitin	
1094167.3	1094167.3	trimethoprim/sulfamethoxazole	
1094167.3	1094167.3	cefazolin	
1094167.3	1094167.3	ampicillin	
1094167.3	1094167.3	amoxicillin/clavulanic acid	
1094167.3	1094167.3	ertapenem	
1094167.3	1094167.3	amikacin	
1094167.3	1094167.3	imipenem	
1094167.3	1094167.3	colistin	
1094167.3	1094167.3	ceftazidime	
1094167.3	1094167.3	polymyxin B	
1094167.3	1094167.3	trimethoprim/sulfamethoxazole	
1094168.3	1094168.3	amoxicillin/clavulanic acid	
1094168.3	1094168.3	amikacin	
1094168.3	1094168.3	ampicillin	
1094168.3	1094168.3	aztreonam	
1094168.3	1094168.3	ceftazidime	
1094168.3	1094168.3	cefazolin	
1094168.3	1094168.3	chloramphenicol	
1094168.3	1094168.3	ciprofloxacin	
1094168.3	1094168.3	ceftriaxone	
1094168.3	1094168.3	colistin	
1094168.3	1094168.3	cefotaxime	
1094168.3	1094168.3	cefotaxime/clavulanic acid	
1094168.3	1094168.3	cefuroxime	
1094168.3	1094168.3	doripenem	
1094168.3	1094168.3	ertapenem	
1094168.3	1094168.3	cefepime	
1094168.3	1094168.3	fosfomycin	
1094168.3	1094168.3	cefoxitin	
1094168.3	1094168.3	gentamicin	
1094168.3	1094168.3	imipenem	
1094168.3	1094168.3	levofloxacin	
1094168.3	1094168.3	meropenem	
1094168.3	1094168.3	minocycline	
1094168.3	1094168.3	nitrofurantoin	
1094168.3	1094168.3	ampicillin/sulbactam	
1094168.3	1094168.3	tetracycline	
1094168.3	1094168.3	tigecycline	
1094168.3	1094168.3	tobramycin	
1094168.3	1094168.3	piperacillin/tazobactam	
1094168.3	1094168.3	polymyxin B	
1094168.3	1094168.3	trimethoprim/sulfamethoxazole	
1094169.3	1094169.3	amoxicillin/clavulanic acid	
1094169.3	1094169.3	amikacin	
1094169.3	1094169.3	ampicillin	
1094169.3	1094169.3	aztreonam	
1094169.3	1094169.3	ceftazidime	
1094169.3	1094169.3	cefazolin	
1094169.3	1094169.3	chloramphenicol	
1094169.3	1094169.3	ciprofloxacin	
1094169.3	1094169.3	ceftriaxone	
1094169.3	1094169.3	colistin	
1094169.3	1094169.3	cefotaxime	
1094169.3	1094169.3	cefotaxime/clavulanic acid	
1094169.3	1094169.3	cefuroxime	
1094169.3	1094169.3	doripenem	
1094169.3	1094169.3	ertapenem	
1094169.3	1094169.3	cefepime	
1094169.3	1094169.3	fosfomycin	
1094169.3	1094169.3	cefoxitin	
1094169.3	1094169.3	gentamicin	
1094169.3	1094169.3	imipenem	
1094169.3	1094169.3	levofloxacin	
1094169.3	1094169.3	meropenem	
1094169.3	1094169.3	minocycline	
1094169.3	1094169.3	nitrofurantoin	
1094169.3	1094169.3	ampicillin/sulbactam	
1094169.3	1094169.3	tetracycline	
1094169.3	1094169.3	tigecycline	
1094169.3	1094169.3	tobramycin	
1094169.3	1094169.3	piperacillin/tazobactam	
1094169.3	1094169.3	piperacillin/tazobactam	
1094169.3	1094169.3	gentamicin	
1094169.3	1094169.3	trimethoprim/sulfamethoxazole	
1094169.3	1094169.3	cefoxitin	
1094169.3	1094169.3	amikacin	
1094169.3	1094169.3	ceftriaxone	
1094169.3	1094169.3	levofloxacin	
1094169.3	1094169.3	tigecycline	
1094169.3	1094169.3	imipenem	
1094169.3	1094169.3	ampicillin	
1094169.3	1094169.3	ciprofloxacin	
1094169.3	1094169.3	cefepime	
1094169.3	1094169.3	meropenem	
1094169.3	1094169.3	ertapenem	
1094169.3	1094169.3	cefazolin	
1094169.3	1094169.3	aztreonam	
1094169.3	1094169.3	rifampin	
1094169.3	1094169.3	amoxicillin/clavulanic acid	
1094169.3	1094169.3	tobramycin	
1094169.3	1094169.3	ceftazidime	
1094169.3	1094169.3	cefotaxime	
1094169.3	1094169.3	polymyxin B	
1094169.3	1094169.3	trimethoprim/sulfamethoxazole	
1094170.3	1094170.3	amoxicillin/clavulanic acid	
1094170.3	1094170.3	amikacin	
1094170.3	1094170.3	ampicillin	
1094170.3	1094170.3	aztreonam	
1094170.3	1094170.3	ceftazidime	
1094170.3	1094170.3	cefazolin	
1094170.3	1094170.3	chloramphenicol	
1094170.3	1094170.3	ciprofloxacin	
1094170.3	1094170.3	ceftriaxone	
1094170.3	1094170.3	colistin	
1094170.3	1094170.3	cefotaxime	
1094170.3	1094170.3	cefotaxime/clavulanic acid	
1094170.3	1094170.3	cefuroxime	
1094170.3	1094170.3	doripenem	
1094170.3	1094170.3	ertapenem	
1094170.3	1094170.3	cefepime	
1094170.3	1094170.3	fosfomycin	
1094170.3	1094170.3	cefoxitin	
1094170.3	1094170.3	gentamicin	
1094170.3	1094170.3	imipenem	
1094170.3	1094170.3	levofloxacin	
1094170.3	1094170.3	meropenem	
1094170.3	1094170.3	minocycline	
1094170.3	1094170.3	nitrofurantoin	
1094170.3	1094170.3	ampicillin/sulbactam	
1094170.3	1094170.3	tetracycline	
1094170.3	1094170.3	tigecycline	
1094170.3	1094170.3	tobramycin	
1094170.3	1094170.3	piperacillin/tazobactam	
1094170.3	1094170.3	cefepime	
1094170.3	1094170.3	amoxicillin/clavulanic acid	
1094170.3	1094170.3	ampicillin	
1094170.3	1094170.3	ceftriaxone	
1094170.3	1094170.3	ertapenem	
1094170.3	1094170.3	tigecycline	
1094170.3	1094170.3	piperacillin/tazobactam	
1094170.3	1094170.3	meropenem	
1094170.3	1094170.3	trimethoprim/sulfamethoxazole	
1094170.3	1094170.3	levofloxacin	
1094170.3	1094170.3	cefotaxime	
1094170.3	1094170.3	amikacin	
1094170.3	1094170.3	gentamicin	
1094170.3	1094170.3	cefoxitin	
1094170.3	1094170.3	imipenem	
1094170.3	1094170.3	ceftazidime	
1094170.3	1094170.3	colistin	
1094170.3	1094170.3	ciprofloxacin	
1094170.3	1094170.3	tetracycline	
1094170.3	1094170.3	cefazolin	
1094170.3	1094170.3	tobramycin	
1094170.3	1094170.3	aztreonam	
1094170.3	1094170.3	rifampin	
1094170.3	1094170.3	polymyxin B	
1094170.3	1094170.3	trimethoprim/sulfamethoxazole	
1094170.7	1094170.7	amoxicillin/clavulanic acid	
1094170.7	1094170.7	amikacin	
1094170.7	1094170.7	ampicillin	
1094170.7	1094170.7	aztreonam	
1094170.7	1094170.7	ceftazidime	
1094170.7	1094170.7	cefazolin	
1094170.7	1094170.7	chloramphenicol	
1094170.7	1094170.7	ciprofloxacin	
1094170.7	1094170.7	ceftriaxone	
1094170.7	1094170.7	colistin	
1094170.7	1094170.7	cefotaxime	
1094170.7	1094170.7	cefotaxime/clavulanic acid	
1094170.7	1094170.7	cefuroxime	
1094170.7	1094170.7	doripenem	
1094170.7	1094170.7	ertapenem	
1094170.7	1094170.7	cefepime	
1094170.7	1094170.7	fosfomycin	
1094170.7	1094170.7	cefoxitin	
1094170.7	1094170.7	gentamicin	
1094170.7	1094170.7	imipenem	
1094170.7	1094170.7	levofloxacin	
1094170.7	1094170.7	meropenem	
1094170.7	1094170.7	minocycline	
1094170.7	1094170.7	nitrofurantoin	
1094170.7	1094170.7	ampicillin/sulbactam	
1094170.7	1094170.7	tetracycline	
1094170.7	1094170.7	tigecycline	
1094170.7	1094170.7	tobramycin	
1094170.7	1094170.7	piperacillin/tazobactam	
1094170.7	1094170.7	polymyxin B	
1094170.7	1094170.7	trimethoprim/sulfamethoxazole	
1094170.8	1094170.8	amoxicillin/clavulanic acid	
1094170.8	1094170.8	amikacin	
1094170.8	1094170.8	ampicillin	
1094170.8	1094170.8	aztreonam	
1094170.8	1094170.8	ceftazidime	
1094170.8	1094170.8	cefazolin	
1094170.8	1094170.8	chloramphenicol	
1094170.8	1094170.8	ciprofloxacin	
1094170.8	1094170.8	ceftriaxone	
1094170.8	1094170.8	colistin	
1094170.8	1094170.8	cefotaxime	
1094170.8	1094170.8	cefotaxime/clavulanic acid	
1094170.8	1094170.8	cefuroxime	
1094170.8	1094170.8	doripenem	
1094170.8	1094170.8	ertapenem	
1094170.8	1094170.8	cefepime	
1094170.8	1094170.8	fosfomycin	
1094170.8	1094170.8	cefoxitin	
1094170.8	1094170.8	gentamicin	
1094170.8	1094170.8	imipenem	
1094170.8	1094170.8	levofloxacin	
1094170.8	1094170.8	meropenem	
1094170.8	1094170.8	minocycline	
1094170.8	1094170.8	nitrofurantoin	
1094170.8	1094170.8	ampicillin/sulbactam	
1094170.8	1094170.8	tetracycline	
1094170.8	1094170.8	tigecycline	
1094170.8	1094170.8	tobramycin	
1094170.8	1094170.8	piperacillin/tazobactam	
1094170.8	1094170.8	polymyxin B	
1094170.8	1094170.8	trimethoprim/sulfamethoxazole	
1094170.9	1094170.9	amoxicillin/clavulanic acid	
1094170.9	1094170.9	amikacin	
1094170.9	1094170.9	ampicillin	
1094170.9	1094170.9	aztreonam	
1094170.9	1094170.9	ceftazidime	
1094170.9	1094170.9	cefazolin	
1094170.9	1094170.9	chloramphenicol	
1094170.9	1094170.9	ciprofloxacin	
1094170.9	1094170.9	ceftriaxone	
1094170.9	1094170.9	colistin	
1094170.9	1094170.9	cefotaxime	
1094170.9	1094170.9	cefotaxime/clavulanic acid	
1094170.9	1094170.9	cefuroxime	
1094170.9	1094170.9	doripenem	
1094170.9	1094170.9	ertapenem	
1094170.9	1094170.9	cefepime	
1094170.9	1094170.9	fosfomycin	
1094170.9	1094170.9	cefoxitin	
1094170.9	1094170.9	gentamicin	
1094170.9	1094170.9	imipenem	
1094170.9	1094170.9	levofloxacin	
1094170.9	1094170.9	meropenem	
1094170.9	1094170.9	minocycline	
1094170.9	1094170.9	nitrofurantoin	
1094170.9	1094170.9	ampicillin/sulbactam	
1094170.9	1094170.9	tetracycline	
1094170.9	1094170.9	tigecycline	
1094170.9	1094170.9	tobramycin	
1094170.9	1094170.9	piperacillin/tazobactam	
1094170.9	1094170.9	polymyxin B	
1094170.9	1094170.9	trimethoprim/sulfamethoxazole	
1094171.3	1094171.3	amoxicillin/clavulanic acid	
1094171.3	1094171.3	amikacin	
1094171.3	1094171.3	ampicillin	
1094171.3	1094171.3	aztreonam	
1094171.3	1094171.3	ceftazidime	
1094171.3	1094171.3	cefazolin	
1094171.3	1094171.3	chloramphenicol	
1094171.3	1094171.3	ciprofloxacin	
1094171.3	1094171.3	ceftriaxone	
1094171.3	1094171.3	colistin	
1094171.3	1094171.3	cefotaxime	
1094171.3	1094171.3	cefotaxime/clavulanic acid	
1094171.3	1094171.3	cefuroxime	
1094171.3	1094171.3	doripenem	
1094171.3	1094171.3	ertapenem	
1094171.3	1094171.3	cefepime	
1094171.3	1094171.3	fosfomycin	
1094171.3	1094171.3	cefoxitin	
1094171.3	1094171.3	gentamicin	
1094171.3	1094171.3	imipenem	
1094171.3	1094171.3	levofloxacin	
1094171.3	1094171.3	meropenem	
1094171.3	1094171.3	minocycline	
1094171.3	1094171.3	nitrofurantoin	
1094171.3	1094171.3	ampicillin/sulbactam	
1094171.3	1094171.3	tetracycline	
1094171.3	1094171.3	tigecycline	
1094171.3	1094171.3	tobramycin	
1094171.3	1094171.3	piperacillin/tazobactam	
1094171.3	1094171.3	cefazolin	
1094171.3	1094171.3	cefotaxime	
1094171.3	1094171.3	tobramycin	
1094171.3	1094171.3	levofloxacin	
1094171.3	1094171.3	ampicillin	
1094171.3	1094171.3	cefoxitin	
1094171.3	1094171.3	cefepime	
1094171.3	1094171.3	ciprofloxacin	
1094171.3	1094171.3	amoxicillin/clavulanic acid	
1094171.3	1094171.3	gentamicin	
1094171.3	1094171.3	amikacin	
1094171.3	1094171.3	meropenem	
1094171.3	1094171.3	tetracycline	
1094171.3	1094171.3	trimethoprim/sulfamethoxazole	
1094171.3	1094171.3	rifampin	
1094171.3	1094171.3	tigecycline	
1094171.3	1094171.3	ertapenem	
1094171.3	1094171.3	aztreonam	
1094171.3	1094171.3	ceftazidime	
1094171.3	1094171.3	piperacillin/tazobactam	
1094171.3	1094171.3	imipenem	
1094171.3	1094171.3	colistin	
1094171.3	1094171.3	ceftriaxone	
1094171.3	1094171.3	polymyxin B	
1094171.3	1094171.3	trimethoprim/sulfamethoxazole	
1087440.10	1087440.10	amoxicillin/clavulanic acid	
1087440.10	1087440.10	amikacin	
1087440.10	1087440.10	ampicillin	
1087440.10	1087440.10	aztreonam	
1087440.10	1087440.10	ceftazidime	
1087440.10	1087440.10	cefazolin	
1087440.10	1087440.10	chloramphenicol	
1087440.10	1087440.10	ciprofloxacin	
1087440.10	1087440.10	ceftriaxone	
1087440.10	1087440.10	colistin	
1087440.10	1087440.10	cefotaxime	
1087440.10	1087440.10	cefotaxime/clavulanic acid	
1087440.10	1087440.10	cefuroxime	
1087440.10	1087440.10	doripenem	
1087440.10	1087440.10	ertapenem	
1087440.10	1087440.10	cefepime	
1087440.10	1087440.10	fosfomycin	
1087440.10	1087440.10	cefoxitin	
1087440.10	1087440.10	gentamicin	
1087440.10	1087440.10	imipenem	
1087440.10	1087440.10	levofloxacin	
1087440.10	1087440.10	meropenem	
1087440.10	1087440.10	minocycline	
1087440.10	1087440.10	nitrofurantoin	
1087440.10	1087440.10	ampicillin/sulbactam	
1087440.10	1087440.10	tetracycline	
1087440.10	1087440.10	tigecycline	
1087440.10	1087440.10	tobramycin	
1087440.10	1087440.10	piperacillin/tazobactam	
1087440.10	1087440.10	polymyxin B	
1087440.10	1087440.10	trimethoprim/sulfamethoxazole	
1087440.11	1087440.11	amoxicillin/clavulanic acid	
1087440.11	1087440.11	amikacin	
1087440.11	1087440.11	ampicillin	
1087440.11	1087440.11	aztreonam	
1087440.11	1087440.11	ceftazidime	
1087440.11	1087440.11	cefazolin	
1087440.11	1087440.11	chloramphenicol	
1087440.11	1087440.11	ciprofloxacin	
1087440.11	1087440.11	ceftriaxone	
1087440.11	1087440.11	colistin	
1087440.11	1087440.11	cefotaxime	
1087440.11	1087440.11	cefotaxime/clavulanic acid	
1087440.11	1087440.11	cefuroxime	
1087440.11	1087440.11	doripenem	
1087440.11	1087440.11	ertapenem	
1087440.11	1087440.11	cefepime	
1087440.11	1087440.11	fosfomycin	
1087440.11	1087440.11	cefoxitin	
1087440.11	1087440.11	gentamicin	
1087440.11	1087440.11	imipenem	
1087440.11	1087440.11	levofloxacin	
1087440.11	1087440.11	meropenem	
1087440.11	1087440.11	minocycline	
1087440.11	1087440.11	nitrofurantoin	
1087440.11	1087440.11	ampicillin/sulbactam	
1087440.11	1087440.11	tetracycline	
1087440.11	1087440.11	tigecycline	
1087440.11	1087440.11	tobramycin	
1087440.11	1087440.11	piperacillin/tazobactam	
1087440.11	1087440.11	polymyxin B	
1087440.11	1087440.11	trimethoprim/sulfamethoxazole	
1087440.12	1087440.12	amoxicillin/clavulanic acid	
1087440.12	1087440.12	amikacin	
1087440.12	1087440.12	ampicillin	
1087440.12	1087440.12	aztreonam	
1087440.12	1087440.12	ceftazidime	
1087440.12	1087440.12	cefazolin	
1087440.12	1087440.12	chloramphenicol	
1087440.12	1087440.12	ciprofloxacin	
1087440.12	1087440.12	ceftriaxone	
1087440.12	1087440.12	colistin	
1087440.12	1087440.12	cefotaxime	
1087440.12	1087440.12	cefotaxime/clavulanic acid	
1087440.12	1087440.12	cefuroxime	
1087440.12	1087440.12	doripenem	
1087440.12	1087440.12	ertapenem	
1087440.12	1087440.12	cefepime	
1087440.12	1087440.12	fosfomycin	
1087440.12	1087440.12	cefoxitin	
1087440.12	1087440.12	gentamicin	
1087440.12	1087440.12	imipenem	
1087440.12	1087440.12	levofloxacin	
1087440.12	1087440.12	meropenem	
1087440.12	1087440.12	minocycline	
1087440.12	1087440.12	nitrofurantoin	
1087440.12	1087440.12	ampicillin/sulbactam	
1087440.12	1087440.12	tetracycline	
1087440.12	1087440.12	tigecycline	
1087440.12	1087440.12	tobramycin	
1087440.12	1087440.12	piperacillin/tazobactam	
1087440.12	1087440.12	polymyxin B	
1087440.12	1087440.12	trimethoprim/sulfamethoxazole	
1087440.3	1087440.3	amoxicillin/clavulanic acid	
1087440.3	1087440.3	amikacin	
1087440.3	1087440.3	ampicillin	
1087440.3	1087440.3	aztreonam	
1087440.3	1087440.3	ceftazidime	
1087440.3	1087440.3	cefazolin	
1087440.3	1087440.3	chloramphenicol	
1087440.3	1087440.3	ciprofloxacin	
1087440.3	1087440.3	ceftriaxone	
1087440.3	1087440.3	colistin	
1087440.3	1087440.3	cefotaxime	
1087440.3	1087440.3	cefotaxime/clavulanic acid	
1087440.3	1087440.3	cefuroxime	
1087440.3	1087440.3	doripenem	
1087440.3	1087440.3	ertapenem	
1087440.3	1087440.3	cefepime	
1087440.3	1087440.3	fosfomycin	
1087440.3	1087440.3	cefoxitin	
1087440.3	1087440.3	gentamicin	
1087440.3	1087440.3	imipenem	
1087440.3	1087440.3	levofloxacin	
1087440.3	1087440.3	meropenem	
1087440.3	1087440.3	minocycline	
1087440.3	1087440.3	nitrofurantoin	
1087440.3	1087440.3	ampicillin/sulbactam	
1087440.3	1087440.3	tetracycline	
1087440.3	1087440.3	tigecycline	
1087440.3	1087440.3	tobramycin	
1087440.3	1087440.3	piperacillin/tazobactam	
1087440.3	1087440.3	ciprofloxacin	
1087440.3	1087440.3	ceftriaxone	
1087440.3	1087440.3	levofloxacin	
1087440.3	1087440.3	amoxicillin/clavulanic acid	
1087440.3	1087440.3	piperacillin/tazobactam	
1087440.3	1087440.3	aztreonam	
1087440.3	1087440.3	rifampin	
1087440.3	1087440.3	tobramycin	
1087440.3	1087440.3	cefoxitin	
1087440.3	1087440.3	amikacin	
1087440.3	1087440.3	imipenem	
1087440.3	1087440.3	gentamicin	
1087440.3	1087440.3	cefepime	
1087440.3	1087440.3	cefotaxime	
1087440.3	1087440.3	ertapenem	
1087440.3	1087440.3	meropenem	
1087440.3	1087440.3	ceftazidime	
1087440.3	1087440.3	tetracycline	
1087440.3	1087440.3	ampicillin	
1087440.3	1087440.3	cefazolin	
1087440.3	1087440.3	trimethoprim/sulfamethoxazole	
1087440.3	1087440.3	polymyxin B	
1087440.3	1087440.3	trimethoprim/sulfamethoxazole	
1087441.3	1087441.3	amoxicillin/clavulanic acid	
1087441.3	1087441.3	amikacin	
1087441.3	1087441.3	ampicillin	
1087441.3	1087441.3	aztreonam	
1087441.3	1087441.3	ceftazidime	
1087441.3	1087441.3	cefazolin	
1087441.3	1087441.3	chloramphenicol	
1087441.3	1087441.3	ciprofloxacin	
1087441.3	1087441.3	ceftriaxone	
1087441.3	1087441.3	colistin	
1087441.3	1087441.3	cefotaxime	
1087441.3	1087441.3	cefotaxime/clavulanic acid	
1087441.3	1087441.3	cefuroxime	
1087441.3	1087441.3	doripenem	
1087441.3	1087441.3	ertapenem	
1087441.3	1087441.3	cefepime	
1087441.3	1087441.3	fosfomycin	
1087441.3	1087441.3	cefoxitin	
1087441.3	1087441.3	gentamicin	
1087441.3	1087441.3	imipenem	
1087441.3	1087441.3	levofloxacin	
1087441.3	1087441.3	meropenem	
1087441.3	1087441.3	minocycline	
1087441.3	1087441.3	nitrofurantoin	
1087441.3	1087441.3	ampicillin/sulbactam	
1087441.3	1087441.3	tetracycline	
1087441.3	1087441.3	tigecycline	
1087441.3	1087441.3	tobramycin	
1087441.3	1087441.3	piperacillin/tazobactam	
1087441.3	1087441.3	tigecycline	
1087441.3	1087441.3	ceftriaxone	
1087441.3	1087441.3	tetracycline	
1087441.3	1087441.3	meropenem	
1087441.3	1087441.3	imipenem	
1087441.3	1087441.3	cefoxitin	
1087441.3	1087441.3	amoxicillin/clavulanic acid	
1087441.3	1087441.3	gentamicin	
1087441.3	1087441.3	ertapenem	
1087441.3	1087441.3	cefazolin	
1087441.3	1087441.3	piperacillin/tazobactam	
1087441.3	1087441.3	tobramycin	
1087441.3	1087441.3	aztreonam	
1087441.3	1087441.3	ampicillin	
1087441.3	1087441.3	trimethoprim/sulfamethoxazole	
1087441.3	1087441.3	amikacin	
1087441.3	1087441.3	ceftazidime	
1087441.3	1087441.3	cefepime	
1087441.3	1087441.3	cefotaxime	
1087441.3	1087441.3	levofloxacin	
1087441.3	1087441.3	ciprofloxacin	
1087441.3	1087441.3	rifampin	
1087441.3	1087441.3	colistin	
1087441.3	1087441.3	polymyxin B	
1087441.3	1087441.3	trimethoprim/sulfamethoxazole	
1087443.3	1087443.3	amoxicillin/clavulanic acid	
1087443.3	1087443.3	amikacin	
1087443.3	1087443.3	ampicillin	
1087443.3	1087443.3	aztreonam	
1087443.3	1087443.3	ceftazidime	
1087443.3	1087443.3	cefazolin	
1087443.3	1087443.3	chloramphenicol	
1087443.3	1087443.3	ciprofloxacin	
1087443.3	1087443.3	ceftriaxone	
1087443.3	1087443.3	colistin	
1087443.3	1087443.3	cefotaxime	
1087443.3	1087443.3	cefotaxime/clavulanic acid	
1087443.3	1087443.3	cefuroxime	
1087443.3	1087443.3	doripenem	
1087443.3	1087443.3	ertapenem	
1087443.3	1087443.3	cefepime	
1087443.3	1087443.3	fosfomycin	
1087443.3	1087443.3	cefoxitin	
1087443.3	1087443.3	gentamicin	
1087443.3	1087443.3	imipenem	
1087443.3	1087443.3	levofloxacin	
1087443.3	1087443.3	meropenem	
1087443.3	1087443.3	minocycline	
1087443.3	1087443.3	nitrofurantoin	
1087443.3	1087443.3	ampicillin/sulbactam	
1087443.3	1087443.3	tetracycline	
1087443.3	1087443.3	tigecycline	
1087443.3	1087443.3	tobramycin	
1087443.3	1087443.3	piperacillin/tazobactam	
1087443.3	1087443.3	amoxicillin/clavulanic acid	
1087443.3	1087443.3	meropenem	
1087443.3	1087443.3	cefotaxime	
1087443.3	1087443.3	ampicillin	
1087443.3	1087443.3	ceftazidime	
1087443.3	1087443.3	trimethoprim/sulfamethoxazole	
1087443.3	1087443.3	rifampin	
1087443.3	1087443.3	gentamicin	
1087443.3	1087443.3	ertapenem	
1087443.3	1087443.3	amikacin	
1087443.3	1087443.3	piperacillin/tazobactam	
1087443.3	1087443.3	cefazolin	
1087443.3	1087443.3	ciprofloxacin	
1087443.3	1087443.3	imipenem	
1087443.3	1087443.3	tetracycline	
1087443.3	1087443.3	ceftriaxone	
1087443.3	1087443.3	cefepime	
1087443.3	1087443.3	cefoxitin	
1087443.3	1087443.3	levofloxacin	
1087443.3	1087443.3	colistin	
1087443.3	1087443.3	aztreonam	
1087443.3	1087443.3	tigecycline	
1087443.3	1087443.3	tobramycin	
1087443.3	1087443.3	polymyxin B	
1087443.3	1087443.3	trimethoprim/sulfamethoxazole	
1087444.3	1087444.3	amoxicillin/clavulanic acid	
1087444.3	1087444.3	amikacin	
1087444.3	1087444.3	ampicillin	
1087444.3	1087444.3	aztreonam	
1087444.3	1087444.3	ceftazidime	
1087444.3	1087444.3	cefazolin	
1087444.3	1087444.3	chloramphenicol	
1087444.3	1087444.3	ciprofloxacin	
1087444.3	1087444.3	ceftriaxone	
1087444.3	1087444.3	colistin	
1087444.3	1087444.3	cefotaxime	
1087444.3	1087444.3	cefotaxime/clavulanic acid	
1087444.3	1087444.3	cefuroxime	
1087444.3	1087444.3	doripenem	
1087444.3	1087444.3	ertapenem	
1087444.3	1087444.3	cefepime	
1087444.3	1087444.3	fosfomycin	
1087444.3	1087444.3	cefoxitin	
1087444.3	1087444.3	gentamicin	
1087444.3	1087444.3	imipenem	
1087444.3	1087444.3	levofloxacin	
1087444.3	1087444.3	meropenem	
1087444.3	1087444.3	minocycline	
1087444.3	1087444.3	nitrofurantoin	
1087444.3	1087444.3	ampicillin/sulbactam	
1087444.3	1087444.3	tetracycline	
1087444.3	1087444.3	tigecycline	
1087444.3	1087444.3	tobramycin	
1087444.3	1087444.3	piperacillin/tazobactam	
1087444.3	1087444.3	cefoxitin	
1087444.3	1087444.3	tigecycline	
1087444.3	1087444.3	tetracycline	
1087444.3	1087444.3	ceftazidime	
1087444.3	1087444.3	imipenem	
1087444.3	1087444.3	levofloxacin	
1087444.3	1087444.3	ertapenem	
1087444.3	1087444.3	cefazolin	
1087444.3	1087444.3	rifampin	
1087444.3	1087444.3	trimethoprim/sulfamethoxazole	
1087444.3	1087444.3	piperacillin/tazobactam	
1087444.3	1087444.3	colistin	
1087444.3	1087444.3	ciprofloxacin	
1087444.3	1087444.3	gentamicin	
1087444.3	1087444.3	amikacin	
1087444.3	1087444.3	cefepime	
1087444.3	1087444.3	aztreonam	
1087444.3	1087444.3	tobramycin	
1087444.3	1087444.3	amoxicillin/clavulanic acid	
1087444.3	1087444.3	meropenem	
1087444.3	1087444.3	ceftriaxone	
1087444.3	1087444.3	ampicillin	
1087444.3	1087444.3	cefotaxime	
1087444.3	1087444.3	polymyxin B	
1087444.3	1087444.3	trimethoprim/sulfamethoxazole	
1087445.3	1087445.3	amoxicillin/clavulanic acid	
1087445.3	1087445.3	amikacin	
1087445.3	1087445.3	ampicillin	
1087445.3	1087445.3	aztreonam	
1087445.3	1087445.3	ceftazidime	
1087445.3	1087445.3	cefazolin	
1087445.3	1087445.3	chloramphenicol	
1087445.3	1087445.3	ciprofloxacin	
1087445.3	1087445.3	ceftriaxone	
1087445.3	1087445.3	colistin	
1087445.3	1087445.3	cefotaxime	
1087445.3	1087445.3	cefotaxime/clavulanic acid	
1087445.3	1087445.3	cefuroxime	
1087445.3	1087445.3	doripenem	
1087445.3	1087445.3	ertapenem	
1087445.3	1087445.3	cefepime	
1087445.3	1087445.3	fosfomycin	
1087445.3	1087445.3	cefoxitin	
1087445.3	1087445.3	gentamicin	
1087445.3	1087445.3	imipenem	
1087445.3	1087445.3	levofloxacin	
1087445.3	1087445.3	meropenem	
1087445.3	1087445.3	minocycline	
1087445.3	1087445.3	nitrofurantoin	
1087445.3	1087445.3	ampicillin/sulbactam	
1087445.3	1087445.3	tetracycline	
1087445.3	1087445.3	tigecycline	
1087445.3	1087445.3	tobramycin	
1087445.3	1087445.3	piperacillin/tazobactam	
1087445.3	1087445.3	polymyxin B	
1087445.3	1087445.3	trimethoprim/sulfamethoxazole	
1087446.3	1087446.3	amoxicillin/clavulanic acid	
1087446.3	1087446.3	amikacin	
1087446.3	1087446.3	ampicillin	
1087446.3	1087446.3	aztreonam	
1087446.3	1087446.3	ceftazidime	
1087446.3	1087446.3	cefazolin	
1087446.3	1087446.3	chloramphenicol	
1087446.3	1087446.3	ciprofloxacin	
1087446.3	1087446.3	ceftriaxone	
1087446.3	1087446.3	colistin	
1087446.3	1087446.3	cefotaxime	
1087446.3	1087446.3	cefotaxime/clavulanic acid	
1087446.3	1087446.3	cefuroxime	
1087446.3	1087446.3	doripenem	
1087446.3	1087446.3	ertapenem	
1087446.3	1087446.3	cefepime	
1087446.3	1087446.3	fosfomycin	
1087446.3	1087446.3	cefoxitin	
1087446.3	1087446.3	gentamicin	
1087446.3	1087446.3	imipenem	
1087446.3	1087446.3	levofloxacin	
1087446.3	1087446.3	meropenem	
1087446.3	1087446.3	minocycline	
1087446.3	1087446.3	nitrofurantoin	
1087446.3	1087446.3	ampicillin/sulbactam	
1087446.3	1087446.3	tetracycline	
1087446.3	1087446.3	tigecycline	
1087446.3	1087446.3	tobramycin	
1087446.3	1087446.3	piperacillin/tazobactam	
1087446.3	1087446.3	polymyxin B	
1087446.3	1087446.3	trimethoprim/sulfamethoxazole	
1087447.3	1087447.3	amoxicillin/clavulanic acid	
1087447.3	1087447.3	amikacin	
1087447.3	1087447.3	ampicillin	
1087447.3	1087447.3	aztreonam	
1087447.3	1087447.3	ceftazidime	
1087447.3	1087447.3	cefazolin	
1087447.3	1087447.3	chloramphenicol	
1087447.3	1087447.3	ciprofloxacin	
1087447.3	1087447.3	ceftriaxone	
1087447.3	1087447.3	colistin	
1087447.3	1087447.3	cefotaxime	
1087447.3	1087447.3	cefotaxime/clavulanic acid	
1087447.3	1087447.3	cefuroxime	
1087447.3	1087447.3	doripenem	
1087447.3	1087447.3	ertapenem	
1087447.3	1087447.3	cefepime	
1087447.3	1087447.3	fosfomycin	
1087447.3	1087447.3	cefoxitin	
1087447.3	1087447.3	gentamicin	
1087447.3	1087447.3	imipenem	
1087447.3	1087447.3	levofloxacin	
1087447.3	1087447.3	meropenem	
1087447.3	1087447.3	minocycline	
1087447.3	1087447.3	nitrofurantoin	
1087447.3	1087447.3	ampicillin/sulbactam	
1087447.3	1087447.3	tetracycline	
1087447.3	1087447.3	tigecycline	
1087447.3	1087447.3	tobramycin	
1087447.3	1087447.3	piperacillin/tazobactam	
1087447.3	1087447.3	polymyxin B	
1087447.3	1087447.3	trimethoprim/sulfamethoxazole	
1074486.3	1074486.3	amoxicillin/clavulanic acid	
1074486.3	1074486.3	amikacin	
1074486.3	1074486.3	ampicillin	
1074486.3	1074486.3	aztreonam	
1074486.3	1074486.3	ceftazidime	
1074486.3	1074486.3	cefazolin	
1074486.3	1074486.3	chloramphenicol	
1074486.3	1074486.3	ciprofloxacin	
1074486.3	1074486.3	ceftriaxone	
1074486.3	1074486.3	colistin	
1074486.3	1074486.3	cefotaxime	
1074486.3	1074486.3	cefotaxime/clavulanic acid	
1074486.3	1074486.3	cefuroxime	
1074486.3	1074486.3	doripenem	
1074486.3	1074486.3	ertapenem	
1074486.3	1074486.3	cefepime	
1074486.3	1074486.3	fosfomycin	
1074486.3	1074486.3	cefoxitin	
1074486.3	1074486.3	gentamicin	
1074486.3	1074486.3	imipenem	
1074486.3	1074486.3	levofloxacin	
1074486.3	1074486.3	meropenem	
1074486.3	1074486.3	minocycline	
1074486.3	1074486.3	nitrofurantoin	
1074486.3	1074486.3	ampicillin/sulbactam	
1074486.3	1074486.3	tetracycline	
1074486.3	1074486.3	tigecycline	
1074486.3	1074486.3	tobramycin	
1074486.3	1074486.3	piperacillin/tazobactam	
1074486.3	1074486.3	polymyxin B	
1074486.3	1074486.3	trimethoprim/sulfamethoxazole	
1037890.3	1037890.3	amoxicillin/clavulanic acid	
1037890.3	1037890.3	amikacin	
1037890.3	1037890.3	ampicillin	
1037890.3	1037890.3	aztreonam	
1037890.3	1037890.3	ceftazidime	
1037890.3	1037890.3	cefazolin	
1037890.3	1037890.3	chloramphenicol	
1037890.3	1037890.3	ciprofloxacin	
1037890.3	1037890.3	ceftriaxone	
1037890.3	1037890.3	colistin	
1037890.3	1037890.3	cefotaxime	
1037890.3	1037890.3	cefotaxime/clavulanic acid	
1037890.3	1037890.3	cefuroxime	
1037890.3	1037890.3	doripenem	
1037890.3	1037890.3	ertapenem	
1037890.3	1037890.3	cefepime	
1037890.3	1037890.3	fosfomycin	
1037890.3	1037890.3	cefoxitin	
1037890.3	1037890.3	gentamicin	
1037890.3	1037890.3	imipenem	
1037890.3	1037890.3	levofloxacin	
1037890.3	1037890.3	meropenem	
1037890.3	1037890.3	minocycline	
1037890.3	1037890.3	nitrofurantoin	
1037890.3	1037890.3	ampicillin/sulbactam	
1037890.3	1037890.3	tetracycline	
1037890.3	1037890.3	tigecycline	
1037890.3	1037890.3	tobramycin	
1037890.3	1037890.3	piperacillin/tazobactam	
1037890.3	1037890.3	polymyxin B	
1037890.3	1037890.3	trimethoprim/sulfamethoxazole	
1037908.3	1037908.3	amoxicillin/clavulanic acid	
1037908.3	1037908.3	amikacin	
1037908.3	1037908.3	ampicillin	
1037908.3	1037908.3	aztreonam	
1037908.3	1037908.3	ceftazidime	
1037908.3	1037908.3	cefazolin	
1037908.3	1037908.3	chloramphenicol	
1037908.3	1037908.3	ciprofloxacin	
1037908.3	1037908.3	ceftriaxone	
1037908.3	1037908.3	colistin	
1037908.3	1037908.3	cefotaxime	
1037908.3	1037908.3	cefotaxime/clavulanic acid	
1037908.3	1037908.3	cefuroxime	
1037908.3	1037908.3	doripenem	
1037908.3	1037908.3	ertapenem	
1037908.3	1037908.3	cefepime	
1037908.3	1037908.3	fosfomycin	
1037908.3	1037908.3	cefoxitin	
1037908.3	1037908.3	gentamicin	
1037908.3	1037908.3	imipenem	
1037908.3	1037908.3	levofloxacin	
1037908.3	1037908.3	meropenem	
1037908.3	1037908.3	minocycline	
1037908.3	1037908.3	nitrofurantoin	
1037908.3	1037908.3	ampicillin/sulbactam	
1037908.3	1037908.3	tetracycline	
1037908.3	1037908.3	tigecycline	
1037908.3	1037908.3	tobramycin	
1037908.3	1037908.3	piperacillin/tazobactam	
1037908.3	1037908.3	polymyxin B	
1037908.3	1037908.3	trimethoprim/sulfamethoxazole	
1049565.29	1049565.29	amoxicillin/clavulanic acid	
1049565.29	1049565.29	amikacin	
1049565.29	1049565.29	ampicillin	
1049565.29	1049565.29	aztreonam	
1049565.29	1049565.29	ceftazidime	
1049565.29	1049565.29	cefazolin	
1049565.29	1049565.29	chloramphenicol	
1049565.29	1049565.29	ciprofloxacin	
1049565.29	1049565.29	ceftriaxone	
1049565.29	1049565.29	colistin	
1049565.29	1049565.29	cefotaxime	
1049565.29	1049565.29	cefotaxime/clavulanic acid	
1049565.29	1049565.29	cefuroxime	
1049565.29	1049565.29	doripenem	
1049565.29	1049565.29	ertapenem	
1049565.29	1049565.29	cefepime	
1049565.29	1049565.29	fosfomycin	
1049565.29	1049565.29	cefoxitin	
1049565.29	1049565.29	gentamicin	
1049565.29	1049565.29	imipenem	
1049565.29	1049565.29	levofloxacin	
1049565.29	1049565.29	meropenem	
1049565.29	1049565.29	minocycline	
1049565.29	1049565.29	nitrofurantoin	
1049565.29	1049565.29	ampicillin/sulbactam	
1049565.29	1049565.29	tetracycline	
1049565.29	1049565.29	tigecycline	
1049565.29	1049565.29	tobramycin	
1049565.29	1049565.29	piperacillin/tazobactam	
1049565.29	1049565.29	polymyxin B	
1049565.29	1049565.29	trimethoprim/sulfamethoxazole	
1049565.4	1049565.4	amoxicillin/clavulanic acid	
1049565.4	1049565.4	amikacin	
1049565.4	1049565.4	ampicillin	
1049565.4	1049565.4	aztreonam	
1049565.4	1049565.4	ceftazidime	
1049565.4	1049565.4	cefazolin	
1049565.4	1049565.4	chloramphenicol	
1049565.4	1049565.4	ciprofloxacin	
1049565.4	1049565.4	ceftriaxone	
1049565.4	1049565.4	colistin	
1049565.4	1049565.4	cefotaxime	
1049565.4	1049565.4	cefotaxime/clavulanic acid	
1049565.4	1049565.4	cefuroxime	
1049565.4	1049565.4	doripenem	
1049565.4	1049565.4	ertapenem	
1049565.4	1049565.4	cefepime	
1049565.4	1049565.4	fosfomycin	
1049565.4	1049565.4	cefoxitin	
1049565.4	1049565.4	gentamicin	
1049565.4	1049565.4	imipenem	
1049565.4	1049565.4	levofloxacin	
1049565.4	1049565.4	meropenem	
1049565.4	1049565.4	minocycline	
1049565.4	1049565.4	nitrofurantoin	
1049565.4	1049565.4	ampicillin/sulbactam	
1049565.4	1049565.4	tetracycline	
1049565.4	1049565.4	tigecycline	
1049565.4	1049565.4	tobramycin	
1049565.4	1049565.4	piperacillin/tazobactam	
1049565.4	1049565.4	polymyxin B	
1049565.4	1049565.4	trimethoprim/sulfamethoxazole	
1352932.3	1352932.3	amoxicillin/clavulanic acid	
1352932.3	1352932.3	amikacin	
1352932.3	1352932.3	ampicillin	
1352932.3	1352932.3	aztreonam	
1352932.3	1352932.3	ceftazidime	
1352932.3	1352932.3	cefazolin	
1352932.3	1352932.3	chloramphenicol	
1352932.3	1352932.3	ciprofloxacin	
1352932.3	1352932.3	ceftriaxone	
1352932.3	1352932.3	colistin	
1352932.3	1352932.3	cefotaxime	
1352932.3	1352932.3	cefotaxime/clavulanic acid	
1352932.3	1352932.3	cefuroxime	
1352932.3	1352932.3	doripenem	
1352932.3	1352932.3	ertapenem	
1352932.3	1352932.3	cefepime	
1352932.3	1352932.3	fosfomycin	
1352932.3	1352932.3	cefoxitin	
1352932.3	1352932.3	gentamicin	
1352932.3	1352932.3	imipenem	
1352932.3	1352932.3	levofloxacin	
1352932.3	1352932.3	meropenem	
1352932.3	1352932.3	minocycline	
1352932.3	1352932.3	nitrofurantoin	
1352932.3	1352932.3	ampicillin/sulbactam	
1352932.3	1352932.3	tetracycline	
1352932.3	1352932.3	tigecycline	
1352932.3	1352932.3	tobramycin	
1352932.3	1352932.3	piperacillin/tazobactam	
1352932.3	1352932.3	polymyxin B	
1352932.3	1352932.3	trimethoprim/sulfamethoxazole	
1352933.3	1352933.3	amoxicillin/clavulanic acid	
1352933.3	1352933.3	amikacin	
1352933.3	1352933.3	ampicillin	
1352933.3	1352933.3	aztreonam	
1352933.3	1352933.3	ceftazidime	
1352933.3	1352933.3	cefazolin	
1352933.3	1352933.3	chloramphenicol	
1352933.3	1352933.3	ciprofloxacin	
1352933.3	1352933.3	ceftriaxone	
1352933.3	1352933.3	colistin	
1352933.3	1352933.3	cefotaxime	
1352933.3	1352933.3	cefotaxime/clavulanic acid	
1352933.3	1352933.3	cefuroxime	
1352933.3	1352933.3	doripenem	
1352933.3	1352933.3	ertapenem	
1352933.3	1352933.3	cefepime	
1352933.3	1352933.3	fosfomycin	
1352933.3	1352933.3	cefoxitin	
1352933.3	1352933.3	gentamicin	
1352933.3	1352933.3	imipenem	
1352933.3	1352933.3	levofloxacin	
1352933.3	1352933.3	meropenem	
1352933.3	1352933.3	minocycline	
1352933.3	1352933.3	nitrofurantoin	
1352933.3	1352933.3	ampicillin/sulbactam	
1352933.3	1352933.3	tetracycline	
1352933.3	1352933.3	tigecycline	
1352933.3	1352933.3	tobramycin	
1352933.3	1352933.3	piperacillin/tazobactam	
1352933.3	1352933.3	polymyxin B	
1352933.3	1352933.3	trimethoprim/sulfamethoxazole	
1389422.3	1389422.3	amoxicillin/clavulanic acid	
1389422.3	1389422.3	amikacin	
1389422.3	1389422.3	ampicillin	
1389422.3	1389422.3	aztreonam	
1389422.3	1389422.3	ceftazidime	
1389422.3	1389422.3	cefazolin	
1389422.3	1389422.3	chloramphenicol	
1389422.3	1389422.3	ciprofloxacin	
1389422.3	1389422.3	ceftriaxone	
1389422.3	1389422.3	colistin	
1389422.3	1389422.3	cefotetan	
1389422.3	1389422.3	cefotaxime	
1389422.3	1389422.3	cefuroxime	
1389422.3	1389422.3	doripenem	
1389422.3	1389422.3	ertapenem	
1389422.3	1389422.3	cefepime	
1389422.3	1389422.3	fosfomycin	
1389422.3	1389422.3	cefoxitin	
1389422.3	1389422.3	gentamicin	
1389422.3	1389422.3	imipenem	
1389422.3	1389422.3	levofloxacin	
1389422.3	1389422.3	meropenem	
1389422.3	1389422.3	nalidixic acid	
1389422.3	1389422.3	nitrofurantoin	
1389422.3	1389422.3	piperacillin	
1389422.3	1389422.3	ampicillin/sulbactam	
1389422.3	1389422.3	streptomycin	
1389422.3	1389422.3	tetracycline	
1389422.3	1389422.3	tigecycline	
1389422.3	1389422.3	tobramycin	
1389422.3	1389422.3	piperacillin/tazobactam	
1389422.3	1389422.3	amoxicillin/clavulanic acid	Susceptible
1389422.3	1389422.3	ampicillin	Resistant
1389422.3	1389422.3	amoxicillin	Resistant
1389422.3	1389422.3	aztreonam	Resistant
1389422.3	1389422.3	ceftazidime	Susceptible
1389422.3	1389422.3	cefalothin	Resistant
1389422.3	1389422.3	cefazolin	Resistant
1389422.3	1389422.3	chloramphenicol	Susceptible
1389422.3	1389422.3	ciprofloxacin	Susceptible
1389422.3	1389422.3	ceftriaxone	Resistant
1389422.3	1389422.3	cefotaxime	Resistant
1389422.3	1389422.3	cefuroxime	Resistant
1389422.3	1389422.3	doxycycline	Resistant
1389422.3	1389422.3	ertapenem	Susceptible
1389422.3	1389422.3	cefepime	Susceptible
1389422.3	1389422.3	cefoxitin	Susceptible
1389422.3	1389422.3	gentamicin	Susceptible
1389422.3	1389422.3	imipenem	Resistant
1389422.3	1389422.3	levofloxacin	Susceptible
1389422.3	1389422.3	meropenem	Susceptible
1389422.3	1389422.3	nalidixic acid	Resistant
1389422.3	1389422.3	norfloxacin	Resistant
1389422.3	1389422.3	ampicillin/sulbactam	Resistant
1389422.3	1389422.3	sulfamethoxazole	Resistant
1389422.3	1389422.3	streptomycin	Resistant
1389422.3	1389422.3	tetracycline	Susceptible
1389422.3	1389422.3	ceftiofur	Resistant
1389422.3	1389422.3	trimethoprim	Resistant
1389422.3	1389422.3	tobramycin	Resistant
1389422.3	1389422.3	piperacillin/tazobactam	Resistant
1389422.3	1389422.3	trimethoprim/sulfamethoxazole	
1389422.3	1389422.3	trimethoprim/sulfamethoxazole	Resistant
1392499.4	1392499.4	amoxicillin/clavulanic acid	
1392499.4	1392499.4	amikacin	
1392499.4	1392499.4	ampicillin	
1392499.4	1392499.4	aztreonam	
1392499.4	1392499.4	ceftazidime	
1392499.4	1392499.4	cefazolin	
1392499.4	1392499.4	chloramphenicol	
1392499.4	1392499.4	ciprofloxacin	
1392499.4	1392499.4	ceftriaxone	
1392499.4	1392499.4	colistin	
1392499.4	1392499.4	cefotaxime	
1392499.4	1392499.4	cefotaxime/clavulanic acid	
1392499.4	1392499.4	cefuroxime	
1392499.4	1392499.4	doripenem	
1392499.4	1392499.4	ertapenem	
1392499.4	1392499.4	cefepime	
1392499.4	1392499.4	fosfomycin	
1392499.4	1392499.4	cefoxitin	
1392499.4	1392499.4	gentamicin	
1392499.4	1392499.4	imipenem	
1392499.4	1392499.4	levofloxacin	
1392499.4	1392499.4	meropenem	
1392499.4	1392499.4	minocycline	
1392499.4	1392499.4	nitrofurantoin	
1392499.4	1392499.4	ampicillin/sulbactam	
1392499.4	1392499.4	tetracycline	
1392499.4	1392499.4	tigecycline	
1392499.4	1392499.4	tobramycin	
1392499.4	1392499.4	piperacillin/tazobactam	
1392499.4	1392499.4	polymyxin B	
1392499.4	1392499.4	trimethoprim/sulfamethoxazole	
1392500.3	1392500.3	amoxicillin/clavulanic acid	
1392500.3	1392500.3	amikacin	
1392500.3	1392500.3	ampicillin	
1392500.3	1392500.3	aztreonam	
1392500.3	1392500.3	ceftazidime	
1392500.3	1392500.3	cefazolin	
1392500.3	1392500.3	chloramphenicol	
1392500.3	1392500.3	ciprofloxacin	
1392500.3	1392500.3	ceftriaxone	
1392500.3	1392500.3	colistin	
1392500.3	1392500.3	cefotaxime	
1392500.3	1392500.3	cefotaxime/clavulanic acid	
1392500.3	1392500.3	cefuroxime	
1392500.3	1392500.3	doripenem	
1392500.3	1392500.3	ertapenem	
1392500.3	1392500.3	cefepime	
1392500.3	1392500.3	fosfomycin	
1392500.3	1392500.3	cefoxitin	
1392500.3	1392500.3	gentamicin	
1392500.3	1392500.3	imipenem	
1392500.3	1392500.3	levofloxacin	
1392500.3	1392500.3	meropenem	
1392500.3	1392500.3	minocycline	
1392500.3	1392500.3	nitrofurantoin	
1392500.3	1392500.3	ampicillin/sulbactam	
1392500.3	1392500.3	tetracycline	
1392500.3	1392500.3	tigecycline	
1392500.3	1392500.3	tobramycin	
1392500.3	1392500.3	piperacillin/tazobactam	
1392500.3	1392500.3	polymyxin B	
1392500.3	1392500.3	trimethoprim/sulfamethoxazole	
1395574.3	1395574.3	amoxicillin/clavulanic acid	
1395574.3	1395574.3	amikacin	
1395574.3	1395574.3	ampicillin	
1395574.3	1395574.3	aztreonam	
1395574.3	1395574.3	ceftazidime	
1395574.3	1395574.3	cefazolin	
1395574.3	1395574.3	chloramphenicol	
1395574.3	1395574.3	ciprofloxacin	
1395574.3	1395574.3	ceftriaxone	
1395574.3	1395574.3	colistin	
1395574.3	1395574.3	cefotaxime	
1395574.3	1395574.3	cefotaxime/clavulanic acid	
1395574.3	1395574.3	cefuroxime	
1395574.3	1395574.3	doripenem	
1395574.3	1395574.3	ertapenem	
1395574.3	1395574.3	cefepime	
1395574.3	1395574.3	fosfomycin	
1395574.3	1395574.3	cefoxitin	
1395574.3	1395574.3	gentamicin	
1395574.3	1395574.3	imipenem	
1395574.3	1395574.3	levofloxacin	
1395574.3	1395574.3	meropenem	
1395574.3	1395574.3	minocycline	
1395574.3	1395574.3	nitrofurantoin	
1395574.3	1395574.3	ampicillin/sulbactam	
1395574.3	1395574.3	tetracycline	
1395574.3	1395574.3	tigecycline	
1395574.3	1395574.3	tobramycin	
1395574.3	1395574.3	piperacillin/tazobactam	
1395574.3	1395574.3	polymyxin B	
1395574.3	1395574.3	trimethoprim/sulfamethoxazole	
1395575.3	1395575.3	amoxicillin/clavulanic acid	
1395575.3	1395575.3	amikacin	
1395575.3	1395575.3	ampicillin	
1395575.3	1395575.3	aztreonam	
1395575.3	1395575.3	ceftazidime	
1395575.3	1395575.3	cefazolin	
1395575.3	1395575.3	chloramphenicol	
1395575.3	1395575.3	ciprofloxacin	
1395575.3	1395575.3	ceftriaxone	
1395575.3	1395575.3	colistin	
1395575.3	1395575.3	cefotaxime	
1395575.3	1395575.3	cefotaxime/clavulanic acid	
1395575.3	1395575.3	cefuroxime	
1395575.3	1395575.3	doripenem	
1395575.3	1395575.3	ertapenem	
1395575.3	1395575.3	cefepime	
1395575.3	1395575.3	fosfomycin	
1395575.3	1395575.3	cefoxitin	
1395575.3	1395575.3	gentamicin	
1395575.3	1395575.3	imipenem	
1395575.3	1395575.3	levofloxacin	
1395575.3	1395575.3	meropenem	
1395575.3	1395575.3	minocycline	
1395575.3	1395575.3	nitrofurantoin	
1395575.3	1395575.3	ampicillin/sulbactam	
1395575.3	1395575.3	tetracycline	
1395575.3	1395575.3	tigecycline	
1395575.3	1395575.3	tobramycin	
1395575.3	1395575.3	piperacillin/tazobactam	
1395575.3	1395575.3	polymyxin B	
1395575.3	1395575.3	trimethoprim/sulfamethoxazole	
1193292.6	1193292.6	amoxicillin/clavulanic acid	
1193292.6	1193292.6	amikacin	
1193292.6	1193292.6	ampicillin	
1193292.6	1193292.6	aztreonam	
1193292.6	1193292.6	ceftazidime	
1193292.6	1193292.6	cefazolin	
1193292.6	1193292.6	chloramphenicol	
1193292.6	1193292.6	ciprofloxacin	
1193292.6	1193292.6	ceftriaxone	
1193292.6	1193292.6	colistin	
1193292.6	1193292.6	cefotaxime	
1193292.6	1193292.6	cefotaxime/clavulanic acid	
1193292.6	1193292.6	cefuroxime	
1193292.6	1193292.6	doripenem	
1193292.6	1193292.6	ertapenem	
1193292.6	1193292.6	cefepime	
1193292.6	1193292.6	fosfomycin	
1193292.6	1193292.6	cefoxitin	
1193292.6	1193292.6	gentamicin	
1193292.6	1193292.6	imipenem	
1193292.6	1193292.6	levofloxacin	
1193292.6	1193292.6	meropenem	
1193292.6	1193292.6	minocycline	
1193292.6	1193292.6	nitrofurantoin	
1193292.6	1193292.6	ampicillin/sulbactam	
1193292.6	1193292.6	tetracycline	
1193292.6	1193292.6	tigecycline	
1193292.6	1193292.6	tobramycin	
1193292.6	1193292.6	piperacillin/tazobactam	
1193292.6	1193292.6	polymyxin B	
1193292.6	1193292.6	trimethoprim/sulfamethoxazole	
1199150.3	1199150.3	amoxicillin/clavulanic acid	
1199150.3	1199150.3	amikacin	
1199150.3	1199150.3	ampicillin	
1199150.3	1199150.3	aztreonam	
1199150.3	1199150.3	ceftazidime	
1199150.3	1199150.3	cefazolin	
1199150.3	1199150.3	chloramphenicol	
1199150.3	1199150.3	ciprofloxacin	
1199150.3	1199150.3	ceftriaxone	
1199150.3	1199150.3	colistin	
1199150.3	1199150.3	cefotaxime	
1199150.3	1199150.3	cefotaxime/clavulanic acid	
1199150.3	1199150.3	cefuroxime	
1199150.3	1199150.3	doripenem	
1199150.3	1199150.3	ertapenem	
1199150.3	1199150.3	cefepime	
1199150.3	1199150.3	fosfomycin	
1199150.3	1199150.3	cefoxitin	
1199150.3	1199150.3	gentamicin	
1199150.3	1199150.3	imipenem	
1199150.3	1199150.3	levofloxacin	
1199150.3	1199150.3	meropenem	
1199150.3	1199150.3	minocycline	
1199150.3	1199150.3	nitrofurantoin	
1199150.3	1199150.3	ampicillin/sulbactam	
1199150.3	1199150.3	tetracycline	
1199150.3	1199150.3	tigecycline	
1199150.3	1199150.3	tobramycin	
1199150.3	1199150.3	piperacillin/tazobactam	
1199150.3	1199150.3	polymyxin B	
1199150.3	1199150.3	trimethoprim/sulfamethoxazole	
1199150.7	1199150.7	amoxicillin/clavulanic acid	
1199150.7	1199150.7	amikacin	
1199150.7	1199150.7	ampicillin	
1199150.7	1199150.7	aztreonam	
1199150.7	1199150.7	ceftazidime	
1199150.7	1199150.7	cefazolin	
1199150.7	1199150.7	chloramphenicol	
1199150.7	1199150.7	ciprofloxacin	
1199150.7	1199150.7	ceftriaxone	
1199150.7	1199150.7	colistin	
1199150.7	1199150.7	cefotaxime	
1199150.7	1199150.7	cefotaxime/clavulanic acid	
1199150.7	1199150.7	cefuroxime	
1199150.7	1199150.7	doripenem	
1199150.7	1199150.7	ertapenem	
1199150.7	1199150.7	cefepime	
1199150.7	1199150.7	fosfomycin	
1199150.7	1199150.7	cefoxitin	
1199150.7	1199150.7	gentamicin	
1199150.7	1199150.7	imipenem	
1199150.7	1199150.7	levofloxacin	
1199150.7	1199150.7	meropenem	
1199150.7	1199150.7	minocycline	
1199150.7	1199150.7	nitrofurantoin	
1199150.7	1199150.7	ampicillin/sulbactam	
1199150.7	1199150.7	tetracycline	
1199150.7	1199150.7	tigecycline	
1199150.7	1199150.7	tobramycin	
1199150.7	1199150.7	piperacillin/tazobactam	
1199150.7	1199150.7	polymyxin B	
1199150.7	1199150.7	trimethoprim/sulfamethoxazole	
1203544.3	1203544.3	amoxicillin/clavulanic acid	
1203544.3	1203544.3	amikacin	
1203544.3	1203544.3	ampicillin	
1203544.3	1203544.3	aztreonam	
1203544.3	1203544.3	ceftazidime	
1203544.3	1203544.3	cefazolin	
1203544.3	1203544.3	chloramphenicol	
1203544.3	1203544.3	ciprofloxacin	
1203544.3	1203544.3	ceftriaxone	
1203544.3	1203544.3	colistin	
1203544.3	1203544.3	cefotaxime	
1203544.3	1203544.3	cefotaxime/clavulanic acid	
1203544.3	1203544.3	cefuroxime	
1203544.3	1203544.3	doripenem	
1203544.3	1203544.3	ertapenem	
1203544.3	1203544.3	cefepime	
1203544.3	1203544.3	fosfomycin	
1203544.3	1203544.3	cefoxitin	
1203544.3	1203544.3	gentamicin	
1203544.3	1203544.3	imipenem	
1203544.3	1203544.3	levofloxacin	
1203544.3	1203544.3	meropenem	
1203544.3	1203544.3	minocycline	
1203544.3	1203544.3	nitrofurantoin	
1203544.3	1203544.3	ampicillin/sulbactam	
1203544.3	1203544.3	tetracycline	
1203544.3	1203544.3	tigecycline	
1203544.3	1203544.3	tobramycin	
1203544.3	1203544.3	piperacillin/tazobactam	
1203544.3	1203544.3	polymyxin B	
1203544.3	1203544.3	trimethoprim/sulfamethoxazole	
1203545.3	1203545.3	amoxicillin/clavulanic acid	
1203545.3	1203545.3	amikacin	
1203545.3	1203545.3	ampicillin	
1203545.3	1203545.3	aztreonam	
1203545.3	1203545.3	ceftazidime	
1203545.3	1203545.3	cefazolin	
1203545.3	1203545.3	chloramphenicol	
1203545.3	1203545.3	ciprofloxacin	
1203545.3	1203545.3	ceftriaxone	
1203545.3	1203545.3	colistin	
1203545.3	1203545.3	cefotaxime	
1203545.3	1203545.3	cefotaxime/clavulanic acid	
1203545.3	1203545.3	cefuroxime	
1203545.3	1203545.3	doripenem	
1203545.3	1203545.3	ertapenem	
1203545.3	1203545.3	cefepime	
1203545.3	1203545.3	fosfomycin	
1203545.3	1203545.3	cefoxitin	
1203545.3	1203545.3	gentamicin	
1203545.3	1203545.3	imipenem	
1203545.3	1203545.3	levofloxacin	
1203545.3	1203545.3	meropenem	
1203545.3	1203545.3	minocycline	
1203545.3	1203545.3	nitrofurantoin	
1203545.3	1203545.3	ampicillin/sulbactam	
1203545.3	1203545.3	tetracycline	
1203545.3	1203545.3	tigecycline	
1203545.3	1203545.3	tobramycin	
1203545.3	1203545.3	piperacillin/tazobactam	
1203545.3	1203545.3	polymyxin B	
1203545.3	1203545.3	trimethoprim/sulfamethoxazole	
1203546.5	1203546.5	amoxicillin/clavulanic acid	
1203546.5	1203546.5	amikacin	
1203546.5	1203546.5	ampicillin	
1203546.5	1203546.5	aztreonam	
1203546.5	1203546.5	ceftazidime	
1203546.5	1203546.5	cefazolin	
1203546.5	1203546.5	chloramphenicol	
1203546.5	1203546.5	ciprofloxacin	
1203546.5	1203546.5	ceftriaxone	
1203546.5	1203546.5	colistin	
1203546.5	1203546.5	cefotaxime	
1203546.5	1203546.5	cefotaxime/clavulanic acid	
1203546.5	1203546.5	cefuroxime	
1203546.5	1203546.5	doripenem	
1203546.5	1203546.5	ertapenem	
1203546.5	1203546.5	cefepime	
1203546.5	1203546.5	fosfomycin	
1203546.5	1203546.5	cefoxitin	
1203546.5	1203546.5	gentamicin	
1203546.5	1203546.5	imipenem	
1203546.5	1203546.5	levofloxacin	
1203546.5	1203546.5	meropenem	
1203546.5	1203546.5	minocycline	
1203546.5	1203546.5	nitrofurantoin	
1203546.5	1203546.5	ampicillin/sulbactam	
1203546.5	1203546.5	tetracycline	
1203546.5	1203546.5	tigecycline	
1203546.5	1203546.5	tobramycin	
1203546.5	1203546.5	piperacillin/tazobactam	
1203546.5	1203546.5	polymyxin B	
1203546.5	1203546.5	trimethoprim/sulfamethoxazole	
1203547.3	1203547.3	amoxicillin/clavulanic acid	
1203547.3	1203547.3	amikacin	
1203547.3	1203547.3	ampicillin	
1203547.3	1203547.3	aztreonam	
1203547.3	1203547.3	ceftazidime	
1203547.3	1203547.3	cefazolin	
1203547.3	1203547.3	chloramphenicol	
1203547.3	1203547.3	ciprofloxacin	
1203547.3	1203547.3	ceftriaxone	
1203547.3	1203547.3	colistin	
1203547.3	1203547.3	cefotaxime	
1203547.3	1203547.3	cefotaxime/clavulanic acid	
1203547.3	1203547.3	cefuroxime	
1203547.3	1203547.3	doripenem	
1203547.3	1203547.3	ertapenem	
1203547.3	1203547.3	cefepime	
1203547.3	1203547.3	fosfomycin	
1203547.3	1203547.3	cefoxitin	
1203547.3	1203547.3	gentamicin	
1203547.3	1203547.3	imipenem	
1203547.3	1203547.3	levofloxacin	
1203547.3	1203547.3	meropenem	
1203547.3	1203547.3	minocycline	
1203547.3	1203547.3	nitrofurantoin	
1203547.3	1203547.3	ampicillin/sulbactam	
1203547.3	1203547.3	tetracycline	
1203547.3	1203547.3	tigecycline	
1203547.3	1203547.3	tobramycin	
1203547.3	1203547.3	piperacillin/tazobactam	
1203547.3	1203547.3	polymyxin B	
1203547.3	1203547.3	trimethoprim/sulfamethoxazole	
1212766.3	1212766.3	amoxicillin/clavulanic acid	
1212766.3	1212766.3	amikacin	
1212766.3	1212766.3	ampicillin	
1212766.3	1212766.3	aztreonam	
1212766.3	1212766.3	ceftazidime	
1212766.3	1212766.3	cefazolin	
1212766.3	1212766.3	chloramphenicol	
1212766.3	1212766.3	ciprofloxacin	
1212766.3	1212766.3	ceftriaxone	
1212766.3	1212766.3	colistin	
1212766.3	1212766.3	cefotaxime	
1212766.3	1212766.3	cefotaxime/clavulanic acid	
1212766.3	1212766.3	cefuroxime	
1212766.3	1212766.3	doripenem	
1212766.3	1212766.3	ertapenem	
1212766.3	1212766.3	cefepime	
1212766.3	1212766.3	fosfomycin	
1212766.3	1212766.3	cefoxitin	
1212766.3	1212766.3	gentamicin	
1212766.3	1212766.3	imipenem	
1212766.3	1212766.3	levofloxacin	
1212766.3	1212766.3	meropenem	
1212766.3	1212766.3	minocycline	
1212766.3	1212766.3	nitrofurantoin	
1212766.3	1212766.3	ampicillin/sulbactam	
1212766.3	1212766.3	tetracycline	
1212766.3	1212766.3	tigecycline	
1212766.3	1212766.3	tobramycin	
1212766.3	1212766.3	piperacillin/tazobactam	
1212766.3	1212766.3	polymyxin B	
1212766.3	1212766.3	trimethoprim/sulfamethoxazole	
1218098.3	1218098.3	amoxicillin/clavulanic acid	
1218098.3	1218098.3	amikacin	
1218098.3	1218098.3	ampicillin	
1218098.3	1218098.3	aztreonam	
1218098.3	1218098.3	ceftazidime	
1218098.3	1218098.3	cefazolin	
1218098.3	1218098.3	chloramphenicol	
1218098.3	1218098.3	ciprofloxacin	
1218098.3	1218098.3	ceftriaxone	
1218098.3	1218098.3	colistin	
1218098.3	1218098.3	cefotaxime	
1218098.3	1218098.3	cefotaxime/clavulanic acid	
1218098.3	1218098.3	cefuroxime	
1218098.3	1218098.3	doripenem	
1218098.3	1218098.3	ertapenem	
1218098.3	1218098.3	cefepime	
1218098.3	1218098.3	fosfomycin	
1218098.3	1218098.3	cefoxitin	
1218098.3	1218098.3	gentamicin	
1218098.3	1218098.3	imipenem	
1218098.3	1218098.3	levofloxacin	
1218098.3	1218098.3	meropenem	
1218098.3	1218098.3	minocycline	
1218098.3	1218098.3	nitrofurantoin	
1218098.3	1218098.3	ampicillin/sulbactam	
1218098.3	1218098.3	tetracycline	
1218098.3	1218098.3	tigecycline	
1218098.3	1218098.3	tobramycin	
1218098.3	1218098.3	piperacillin/tazobactam	
1218098.3	1218098.3	polymyxin B	
1218098.3	1218098.3	trimethoprim/sulfamethoxazole	
1218099.3	1218099.3	amoxicillin/clavulanic acid	
1218099.3	1218099.3	amikacin	
1218099.3	1218099.3	ampicillin	
1218099.3	1218099.3	aztreonam	
1218099.3	1218099.3	ceftazidime	
1218099.3	1218099.3	cefazolin	
1218099.3	1218099.3	chloramphenicol	
1218099.3	1218099.3	ciprofloxacin	
1218099.3	1218099.3	ceftriaxone	
1218099.3	1218099.3	colistin	
1218099.3	1218099.3	cefotaxime	
1218099.3	1218099.3	cefotaxime/clavulanic acid	
1218099.3	1218099.3	cefuroxime	
1218099.3	1218099.3	doripenem	
1218099.3	1218099.3	ertapenem	
1218099.3	1218099.3	cefepime	
1218099.3	1218099.3	fosfomycin	
1218099.3	1218099.3	cefoxitin	
1218099.3	1218099.3	gentamicin	
1218099.3	1218099.3	imipenem	
1218099.3	1218099.3	levofloxacin	
1218099.3	1218099.3	meropenem	
1218099.3	1218099.3	minocycline	
1218099.3	1218099.3	nitrofurantoin	
1218099.3	1218099.3	ampicillin/sulbactam	
1218099.3	1218099.3	tetracycline	
1218099.3	1218099.3	tigecycline	
1218099.3	1218099.3	tobramycin	
1218099.3	1218099.3	piperacillin/tazobactam	
1218099.3	1218099.3	polymyxin B	
1218099.3	1218099.3	trimethoprim/sulfamethoxazole	
1168062.3	1168062.3	amoxicillin/clavulanic acid	
1168062.3	1168062.3	amikacin	
1168062.3	1168062.3	ampicillin	
1168062.3	1168062.3	aztreonam	
1168062.3	1168062.3	ceftazidime	
1168062.3	1168062.3	cefazolin	
1168062.3	1168062.3	chloramphenicol	
1168062.3	1168062.3	ciprofloxacin	
1168062.3	1168062.3	ceftriaxone	
1168062.3	1168062.3	colistin	
1168062.3	1168062.3	cefotaxime	
1168062.3	1168062.3	cefotaxime/clavulanic acid	
1168062.3	1168062.3	cefuroxime	
1168062.3	1168062.3	doripenem	
1168062.3	1168062.3	ertapenem	
1168062.3	1168062.3	cefepime	
1168062.3	1168062.3	fosfomycin	
1168062.3	1168062.3	cefoxitin	
1168062.3	1168062.3	gentamicin	
1168062.3	1168062.3	imipenem	
1168062.3	1168062.3	levofloxacin	
1168062.3	1168062.3	meropenem	
1168062.3	1168062.3	minocycline	
1168062.3	1168062.3	nitrofurantoin	
1168062.3	1168062.3	ampicillin/sulbactam	
1168062.3	1168062.3	tetracycline	
1168062.3	1168062.3	tigecycline	
1168062.3	1168062.3	tobramycin	
1168062.3	1168062.3	piperacillin/tazobactam	
1168062.3	1168062.3	polymyxin B	
1168062.3	1168062.3	trimethoprim/sulfamethoxazole	
1168063.3	1168063.3	amoxicillin/clavulanic acid	
1168063.3	1168063.3	amikacin	
1168063.3	1168063.3	ampicillin	
1168063.3	1168063.3	aztreonam	
1168063.3	1168063.3	ceftazidime	
1168063.3	1168063.3	cefazolin	
1168063.3	1168063.3	chloramphenicol	
1168063.3	1168063.3	ciprofloxacin	
1168063.3	1168063.3	ceftriaxone	
1168063.3	1168063.3	colistin	
1168063.3	1168063.3	cefotaxime	
1168063.3	1168063.3	cefotaxime/clavulanic acid	
1168063.3	1168063.3	cefuroxime	
1168063.3	1168063.3	doripenem	
1168063.3	1168063.3	ertapenem	
1168063.3	1168063.3	cefepime	
1168063.3	1168063.3	fosfomycin	
1168063.3	1168063.3	cefoxitin	
1168063.3	1168063.3	gentamicin	
1168063.3	1168063.3	imipenem	
1168063.3	1168063.3	levofloxacin	
1168063.3	1168063.3	meropenem	
1168063.3	1168063.3	minocycline	
1168063.3	1168063.3	nitrofurantoin	
1168063.3	1168063.3	ampicillin/sulbactam	
1168063.3	1168063.3	tetracycline	
1168063.3	1168063.3	tigecycline	
1168063.3	1168063.3	tobramycin	
1168063.3	1168063.3	piperacillin/tazobactam	
1168063.3	1168063.3	polymyxin B	
1168063.3	1168063.3	trimethoprim/sulfamethoxazole	
1168064.3	1168064.3	amoxicillin/clavulanic acid	
1168064.3	1168064.3	amikacin	
1168064.3	1168064.3	ampicillin	
1168064.3	1168064.3	aztreonam	
1168064.3	1168064.3	ceftazidime	
1168064.3	1168064.3	cefazolin	
1168064.3	1168064.3	chloramphenicol	
1168064.3	1168064.3	ciprofloxacin	
1168064.3	1168064.3	ceftriaxone	
1168064.3	1168064.3	colistin	
1168064.3	1168064.3	cefotaxime	
1168064.3	1168064.3	cefotaxime/clavulanic acid	
1168064.3	1168064.3	cefuroxime	
1168064.3	1168064.3	doripenem	
1168064.3	1168064.3	ertapenem	
1168064.3	1168064.3	cefepime	
1168064.3	1168064.3	fosfomycin	
1168064.3	1168064.3	cefoxitin	
1168064.3	1168064.3	gentamicin	
1168064.3	1168064.3	imipenem	
1168064.3	1168064.3	levofloxacin	
1168064.3	1168064.3	meropenem	
1168064.3	1168064.3	minocycline	
1168064.3	1168064.3	nitrofurantoin	
1168064.3	1168064.3	ampicillin/sulbactam	
1168064.3	1168064.3	tetracycline	
1168064.3	1168064.3	tigecycline	
1168064.3	1168064.3	tobramycin	
1168064.3	1168064.3	piperacillin/tazobactam	
1168064.3	1168064.3	imipenem	
1168064.3	1168064.3	rifampin	
1168064.3	1168064.3	tigecycline	
1168064.3	1168064.3	trimethoprim/sulfamethoxazole	
1168064.3	1168064.3	ciprofloxacin	
1168064.3	1168064.3	ceftazidime	
1168064.3	1168064.3	tobramycin	
1168064.3	1168064.3	cefazolin	
1168064.3	1168064.3	levofloxacin	
1168064.3	1168064.3	ertapenem	
1168064.3	1168064.3	cefoxitin	
1168064.3	1168064.3	gentamicin	
1168064.3	1168064.3	amoxicillin/clavulanic acid	
1168064.3	1168064.3	cefepime	
1168064.3	1168064.3	tetracycline	
1168064.3	1168064.3	ampicillin	
1168064.3	1168064.3	amikacin	
1168064.3	1168064.3	aztreonam	
1168064.3	1168064.3	cefotaxime	
1168064.3	1168064.3	piperacillin/tazobactam	
1168064.3	1168064.3	meropenem	
1168064.3	1168064.3	ceftriaxone	
1168064.3	1168064.3	colistin	
1168064.3	1168064.3	polymyxin B	
1168064.3	1168064.3	trimethoprim/sulfamethoxazole	
1162296.3	1162296.3	amoxicillin/clavulanic acid	
1162296.3	1162296.3	amikacin	
1162296.3	1162296.3	ampicillin	
1162296.3	1162296.3	aztreonam	
1162296.3	1162296.3	ceftazidime	
1162296.3	1162296.3	cefazolin	
1162296.3	1162296.3	chloramphenicol	
1162296.3	1162296.3	ciprofloxacin	
1162296.3	1162296.3	ceftriaxone	
1162296.3	1162296.3	colistin	
1162296.3	1162296.3	cefotaxime	
1162296.3	1162296.3	cefotaxime/clavulanic acid	
1162296.3	1162296.3	cefuroxime	
1162296.3	1162296.3	doripenem	
1162296.3	1162296.3	ertapenem	
1162296.3	1162296.3	cefepime	
1162296.3	1162296.3	fosfomycin	
1162296.3	1162296.3	cefoxitin	
1162296.3	1162296.3	gentamicin	
1162296.3	1162296.3	imipenem	
1162296.3	1162296.3	levofloxacin	
1162296.3	1162296.3	meropenem	
1162296.3	1162296.3	minocycline	
1162296.3	1162296.3	nitrofurantoin	
1162296.3	1162296.3	ampicillin/sulbactam	
1162296.3	1162296.3	tetracycline	
1162296.3	1162296.3	tigecycline	
1162296.3	1162296.3	tobramycin	
1162296.3	1162296.3	piperacillin/tazobactam	
1162296.3	1162296.3	polymyxin B	
1162296.3	1162296.3	trimethoprim/sulfamethoxazole	
1162297.3	1162297.3	amoxicillin/clavulanic acid	
1162297.3	1162297.3	amikacin	
1162297.3	1162297.3	ampicillin	
1162297.3	1162297.3	aztreonam	
1162297.3	1162297.3	ceftazidime	
1162297.3	1162297.3	cefazolin	
1162297.3	1162297.3	chloramphenicol	
1162297.3	1162297.3	ciprofloxacin	
1162297.3	1162297.3	ceftriaxone	
1162297.3	1162297.3	colistin	
1162297.3	1162297.3	cefotaxime	
1162297.3	1162297.3	cefotaxime/clavulanic acid	
1162297.3	1162297.3	cefuroxime	
1162297.3	1162297.3	doripenem	
1162297.3	1162297.3	ertapenem	
1162297.3	1162297.3	cefepime	
1162297.3	1162297.3	fosfomycin	
1162297.3	1162297.3	cefoxitin	
1162297.3	1162297.3	gentamicin	
1162297.3	1162297.3	imipenem	
1162297.3	1162297.3	levofloxacin	
1162297.3	1162297.3	meropenem	
1162297.3	1162297.3	minocycline	
1162297.3	1162297.3	nitrofurantoin	
1162297.3	1162297.3	ampicillin/sulbactam	
1162297.3	1162297.3	tetracycline	
1162297.3	1162297.3	tigecycline	
1162297.3	1162297.3	tobramycin	
1162297.3	1162297.3	piperacillin/tazobactam	
1162297.3	1162297.3	polymyxin B	
1162297.3	1162297.3	trimethoprim/sulfamethoxazole	
1177153.3	1177153.3	amoxicillin/clavulanic acid	
1177153.3	1177153.3	amikacin	
1177153.3	1177153.3	ampicillin	
1177153.3	1177153.3	aztreonam	
1177153.3	1177153.3	ceftazidime	
1177153.3	1177153.3	cefazolin	
1177153.3	1177153.3	chloramphenicol	
1177153.3	1177153.3	ciprofloxacin	
1177153.3	1177153.3	ceftriaxone	
1177153.3	1177153.3	colistin	
1177153.3	1177153.3	cefotaxime	
1177153.3	1177153.3	cefotaxime/clavulanic acid	
1177153.3	1177153.3	cefuroxime	
1177153.3	1177153.3	doripenem	
1177153.3	1177153.3	ertapenem	
1177153.3	1177153.3	cefepime	
1177153.3	1177153.3	fosfomycin	
1177153.3	1177153.3	cefoxitin	
1177153.3	1177153.3	gentamicin	
1177153.3	1177153.3	imipenem	
1177153.3	1177153.3	levofloxacin	
1177153.3	1177153.3	meropenem	
1177153.3	1177153.3	minocycline	
1177153.3	1177153.3	nitrofurantoin	
1177153.3	1177153.3	ampicillin/sulbactam	
1177153.3	1177153.3	tetracycline	
1177153.3	1177153.3	tigecycline	
1177153.3	1177153.3	tobramycin	
1177153.3	1177153.3	piperacillin/tazobactam	
1177153.3	1177153.3	polymyxin B	
1177153.3	1177153.3	trimethoprim/sulfamethoxazole	
1185418.3	1185418.3	amoxicillin/clavulanic acid	
1185418.3	1185418.3	amikacin	
1185418.3	1185418.3	ampicillin	
1185418.3	1185418.3	aztreonam	
1185418.3	1185418.3	ceftazidime	
1185418.3	1185418.3	cefazolin	
1185418.3	1185418.3	chloramphenicol	
1185418.3	1185418.3	ciprofloxacin	
1185418.3	1185418.3	ceftriaxone	
1185418.3	1185418.3	colistin	
1185418.3	1185418.3	cefotaxime	
1185418.3	1185418.3	cefotaxime/clavulanic acid	
1185418.3	1185418.3	cefuroxime	
1185418.3	1185418.3	doripenem	
1185418.3	1185418.3	ertapenem	
1185418.3	1185418.3	cefepime	
1185418.3	1185418.3	fosfomycin	
1185418.3	1185418.3	cefoxitin	
1185418.3	1185418.3	gentamicin	
1185418.3	1185418.3	imipenem	
1185418.3	1185418.3	levofloxacin	
1185418.3	1185418.3	meropenem	
1185418.3	1185418.3	minocycline	
1185418.3	1185418.3	nitrofurantoin	
1185418.3	1185418.3	ampicillin/sulbactam	
1185418.3	1185418.3	tetracycline	
1185418.3	1185418.3	tigecycline	
1185418.3	1185418.3	tobramycin	
1185418.3	1185418.3	piperacillin/tazobactam	
1185418.3	1185418.3	polymyxin B	
1185418.3	1185418.3	trimethoprim/sulfamethoxazole	
1185419.3	1185419.3	amoxicillin/clavulanic acid	
1185419.3	1185419.3	amikacin	
1185419.3	1185419.3	ampicillin	
1185419.3	1185419.3	aztreonam	
1185419.3	1185419.3	ceftazidime	
1185419.3	1185419.3	cefazolin	
1185419.3	1185419.3	chloramphenicol	
1185419.3	1185419.3	ciprofloxacin	
1185419.3	1185419.3	ceftriaxone	
1185419.3	1185419.3	colistin	
1185419.3	1185419.3	cefotaxime	
1185419.3	1185419.3	cefotaxime/clavulanic acid	
1185419.3	1185419.3	cefuroxime	
1185419.3	1185419.3	doripenem	
1185419.3	1185419.3	ertapenem	
1185419.3	1185419.3	cefepime	
1185419.3	1185419.3	fosfomycin	
1185419.3	1185419.3	cefoxitin	
1185419.3	1185419.3	gentamicin	
1185419.3	1185419.3	imipenem	
1185419.3	1185419.3	levofloxacin	
1185419.3	1185419.3	meropenem	
1185419.3	1185419.3	minocycline	
1185419.3	1185419.3	nitrofurantoin	
1185419.3	1185419.3	ampicillin/sulbactam	
1185419.3	1185419.3	tetracycline	
1185419.3	1185419.3	tigecycline	
1185419.3	1185419.3	tobramycin	
1185419.3	1185419.3	piperacillin/tazobactam	
1185419.3	1185419.3	polymyxin B	
1185419.3	1185419.3	trimethoprim/sulfamethoxazole	
1185420.3	1185420.3	amoxicillin/clavulanic acid	
1185420.3	1185420.3	amikacin	
1185420.3	1185420.3	ampicillin	
1185420.3	1185420.3	aztreonam	
1185420.3	1185420.3	ceftazidime	
1185420.3	1185420.3	cefazolin	
1185420.3	1185420.3	chloramphenicol	
1185420.3	1185420.3	ciprofloxacin	
1185420.3	1185420.3	ceftriaxone	
1185420.3	1185420.3	colistin	
1185420.3	1185420.3	cefotaxime	
1185420.3	1185420.3	cefotaxime/clavulanic acid	
1185420.3	1185420.3	cefuroxime	
1185420.3	1185420.3	doripenem	
1185420.3	1185420.3	ertapenem	
1185420.3	1185420.3	cefepime	
1185420.3	1185420.3	fosfomycin	
1185420.3	1185420.3	cefoxitin	
1185420.3	1185420.3	gentamicin	
1185420.3	1185420.3	imipenem	
1185420.3	1185420.3	levofloxacin	
1185420.3	1185420.3	meropenem	
1185420.3	1185420.3	minocycline	
1185420.3	1185420.3	nitrofurantoin	
1185420.3	1185420.3	ampicillin/sulbactam	
1185420.3	1185420.3	tetracycline	
1185420.3	1185420.3	tigecycline	
1185420.3	1185420.3	tobramycin	
1185420.3	1185420.3	piperacillin/tazobactam	
1185420.3	1185420.3	polymyxin B	
1185420.3	1185420.3	trimethoprim/sulfamethoxazole	
1228988.4	1228988.4	amoxicillin/clavulanic acid	
1228988.4	1228988.4	amikacin	
1228988.4	1228988.4	ampicillin	
1228988.4	1228988.4	aztreonam	
1228988.4	1228988.4	ceftazidime	
1228988.4	1228988.4	cefazolin	
1228988.4	1228988.4	chloramphenicol	
1228988.4	1228988.4	ciprofloxacin	
1228988.4	1228988.4	ceftriaxone	
1228988.4	1228988.4	colistin	
1228988.4	1228988.4	cefotaxime	
1228988.4	1228988.4	cefotaxime/clavulanic acid	
1228988.4	1228988.4	cefuroxime	
1228988.4	1228988.4	doripenem	
1228988.4	1228988.4	ertapenem	
1228988.4	1228988.4	cefepime	
1228988.4	1228988.4	fosfomycin	
1228988.4	1228988.4	cefoxitin	
1228988.4	1228988.4	gentamicin	
1228988.4	1228988.4	imipenem	
1228988.4	1228988.4	levofloxacin	
1228988.4	1228988.4	meropenem	
1228988.4	1228988.4	minocycline	
1228988.4	1228988.4	nitrofurantoin	
1228988.4	1228988.4	ampicillin/sulbactam	
1228988.4	1228988.4	tetracycline	
1228988.4	1228988.4	tigecycline	
1228988.4	1228988.4	tobramycin	
1228988.4	1228988.4	piperacillin/tazobactam	
1228988.4	1228988.4	polymyxin B	
1228988.4	1228988.4	trimethoprim/sulfamethoxazole	
1225181.3	1225181.3	amoxicillin/clavulanic acid	
1225181.3	1225181.3	amikacin	
1225181.3	1225181.3	ampicillin	
1225181.3	1225181.3	aztreonam	
1225181.3	1225181.3	ceftazidime	
1225181.3	1225181.3	cefazolin	
1225181.3	1225181.3	chloramphenicol	
1225181.3	1225181.3	ciprofloxacin	
1225181.3	1225181.3	ceftriaxone	
1225181.3	1225181.3	colistin	
1225181.3	1225181.3	cefotaxime	
1225181.3	1225181.3	cefotaxime/clavulanic acid	
1225181.3	1225181.3	cefuroxime	
1225181.3	1225181.3	doripenem	
1225181.3	1225181.3	ertapenem	
1225181.3	1225181.3	cefepime	
1225181.3	1225181.3	fosfomycin	
1225181.3	1225181.3	cefoxitin	
1225181.3	1225181.3	gentamicin	
1225181.3	1225181.3	imipenem	
1225181.3	1225181.3	levofloxacin	
1225181.3	1225181.3	meropenem	
1225181.3	1225181.3	minocycline	
1225181.3	1225181.3	nitrofurantoin	
1225181.3	1225181.3	ampicillin/sulbactam	
1225181.3	1225181.3	tetracycline	
1225181.3	1225181.3	tigecycline	
1225181.3	1225181.3	tobramycin	
1225181.3	1225181.3	piperacillin/tazobactam	
1225181.3	1225181.3	polymyxin B	
1225181.3	1225181.3	trimethoprim/sulfamethoxazole	
1225181.6	1225181.6	amoxicillin/clavulanic acid	
1225181.6	1225181.6	amikacin	
1225181.6	1225181.6	ampicillin	
1225181.6	1225181.6	aztreonam	
1225181.6	1225181.6	ceftazidime	
1225181.6	1225181.6	cefazolin	
1225181.6	1225181.6	chloramphenicol	
1225181.6	1225181.6	ciprofloxacin	
1225181.6	1225181.6	ceftriaxone	
1225181.6	1225181.6	colistin	
1225181.6	1225181.6	cefotaxime	
1225181.6	1225181.6	cefotaxime/clavulanic acid	
1225181.6	1225181.6	cefuroxime	
1225181.6	1225181.6	doripenem	
1225181.6	1225181.6	ertapenem	
1225181.6	1225181.6	cefepime	
1225181.6	1225181.6	fosfomycin	
1225181.6	1225181.6	cefoxitin	
1225181.6	1225181.6	gentamicin	
1225181.6	1225181.6	imipenem	
1225181.6	1225181.6	levofloxacin	
1225181.6	1225181.6	meropenem	
1225181.6	1225181.6	minocycline	
1225181.6	1225181.6	nitrofurantoin	
1225181.6	1225181.6	ampicillin/sulbactam	
1225181.6	1225181.6	tetracycline	
1225181.6	1225181.6	tigecycline	
1225181.6	1225181.6	tobramycin	
1225181.6	1225181.6	piperacillin/tazobactam	
1225181.6	1225181.6	polymyxin B	
1225181.6	1225181.6	trimethoprim/sulfamethoxazole	
1225181.7	1225181.7	amoxicillin/clavulanic acid	
1225181.7	1225181.7	amikacin	
1225181.7	1225181.7	ampicillin	
1225181.7	1225181.7	aztreonam	
1225181.7	1225181.7	ceftazidime	
1225181.7	1225181.7	cefazolin	
1225181.7	1225181.7	chloramphenicol	
1225181.7	1225181.7	ciprofloxacin	
1225181.7	1225181.7	ceftriaxone	
1225181.7	1225181.7	colistin	
1225181.7	1225181.7	cefotaxime	
1225181.7	1225181.7	cefotaxime/clavulanic acid	
1225181.7	1225181.7	cefuroxime	
1225181.7	1225181.7	doripenem	
1225181.7	1225181.7	ertapenem	
1225181.7	1225181.7	cefepime	
1225181.7	1225181.7	fosfomycin	
1225181.7	1225181.7	cefoxitin	
1225181.7	1225181.7	gentamicin	
1225181.7	1225181.7	imipenem	
1225181.7	1225181.7	levofloxacin	
1225181.7	1225181.7	meropenem	
1225181.7	1225181.7	minocycline	
1225181.7	1225181.7	nitrofurantoin	
1225181.7	1225181.7	ampicillin/sulbactam	
1225181.7	1225181.7	tetracycline	
1225181.7	1225181.7	tigecycline	
1225181.7	1225181.7	tobramycin	
1225181.7	1225181.7	piperacillin/tazobactam	
1225181.7	1225181.7	polymyxin B	
1225181.7	1225181.7	trimethoprim/sulfamethoxazole	
1225181.8	1225181.8	amoxicillin/clavulanic acid	
1225181.8	1225181.8	amikacin	
1225181.8	1225181.8	ampicillin	
1225181.8	1225181.8	aztreonam	
1225181.8	1225181.8	ceftazidime	
1225181.8	1225181.8	cefazolin	
1225181.8	1225181.8	chloramphenicol	
1225181.8	1225181.8	ciprofloxacin	
1225181.8	1225181.8	ceftriaxone	
1225181.8	1225181.8	colistin	
1225181.8	1225181.8	cefotaxime	
1225181.8	1225181.8	cefotaxime/clavulanic acid	
1225181.8	1225181.8	cefuroxime	
1225181.8	1225181.8	doripenem	
1225181.8	1225181.8	ertapenem	
1225181.8	1225181.8	cefepime	
1225181.8	1225181.8	fosfomycin	
1225181.8	1225181.8	cefoxitin	
1225181.8	1225181.8	gentamicin	
1225181.8	1225181.8	imipenem	
1225181.8	1225181.8	levofloxacin	
1225181.8	1225181.8	meropenem	
1225181.8	1225181.8	minocycline	
1225181.8	1225181.8	nitrofurantoin	
1225181.8	1225181.8	ampicillin/sulbactam	
1225181.8	1225181.8	tetracycline	
1225181.8	1225181.8	tigecycline	
1225181.8	1225181.8	tobramycin	
1225181.8	1225181.8	piperacillin/tazobactam	
1225181.8	1225181.8	polymyxin B	
1225181.8	1225181.8	trimethoprim/sulfamethoxazole	
1226115.3	1226115.3	amoxicillin/clavulanic acid	
1226115.3	1226115.3	amikacin	
1226115.3	1226115.3	ampicillin	
1226115.3	1226115.3	aztreonam	
1226115.3	1226115.3	ceftazidime	
1226115.3	1226115.3	cefazolin	
1226115.3	1226115.3	chloramphenicol	
1226115.3	1226115.3	ciprofloxacin	
1226115.3	1226115.3	ceftriaxone	
1226115.3	1226115.3	colistin	
1226115.3	1226115.3	cefotaxime	
1226115.3	1226115.3	cefotaxime/clavulanic acid	
1226115.3	1226115.3	cefuroxime	
1226115.3	1226115.3	doripenem	
1226115.3	1226115.3	ertapenem	
1226115.3	1226115.3	cefepime	
1226115.3	1226115.3	fosfomycin	
1226115.3	1226115.3	cefoxitin	
1226115.3	1226115.3	gentamicin	
1226115.3	1226115.3	imipenem	
1226115.3	1226115.3	levofloxacin	
1226115.3	1226115.3	meropenem	
1226115.3	1226115.3	minocycline	
1226115.3	1226115.3	nitrofurantoin	
1226115.3	1226115.3	ampicillin/sulbactam	
1226115.3	1226115.3	tetracycline	
1226115.3	1226115.3	tigecycline	
1226115.3	1226115.3	tobramycin	
1226115.3	1226115.3	piperacillin/tazobactam	
1226115.3	1226115.3	polymyxin B	
1226115.3	1226115.3	trimethoprim/sulfamethoxazole	
1226680.3	1226680.3	amoxicillin/clavulanic acid	
1226680.3	1226680.3	amikacin	
1226680.3	1226680.3	ampicillin	
1226680.3	1226680.3	aztreonam	
1226680.3	1226680.3	ceftazidime	
1226680.3	1226680.3	cefazolin	
1226680.3	1226680.3	chloramphenicol	
1226680.3	1226680.3	ciprofloxacin	
1226680.3	1226680.3	ceftriaxone	
1226680.3	1226680.3	colistin	
1226680.3	1226680.3	cefotaxime	
1226680.3	1226680.3	cefotaxime/clavulanic acid	
1226680.3	1226680.3	cefuroxime	
1226680.3	1226680.3	doripenem	
1226680.3	1226680.3	ertapenem	
1226680.3	1226680.3	cefepime	
1226680.3	1226680.3	fosfomycin	
1226680.3	1226680.3	cefoxitin	
1226680.3	1226680.3	gentamicin	
1226680.3	1226680.3	imipenem	
1226680.3	1226680.3	levofloxacin	
1226680.3	1226680.3	meropenem	
1226680.3	1226680.3	minocycline	
1226680.3	1226680.3	nitrofurantoin	
1226680.3	1226680.3	ampicillin/sulbactam	
1226680.3	1226680.3	tetracycline	
1226680.3	1226680.3	tigecycline	
1226680.3	1226680.3	tobramycin	
1226680.3	1226680.3	piperacillin/tazobactam	
1226680.3	1226680.3	polymyxin B	
1226680.3	1226680.3	trimethoprim/sulfamethoxazole	
1226680.5	1226680.5	imipenem	Susceptible
1226680.5	1226680.5	levofloxacin	Susceptible
1226680.5	1226680.5	tobramycin	Susceptible
1226680.5	1226680.5	ciprofloxacin	Susceptible
1226680.5	1226680.5	trimethoprim/sulfamethoxazole	Susceptible
1226680.5	1226680.5	cefepime	Susceptible
1226680.5	1226680.5	tetracycline	Resistant
1226680.5	1226680.5	meropenem	Susceptible
1226680.5	1226680.5	cefoxitin	Susceptible
1226680.5	1226680.5	ertapenem	Susceptible
1226680.5	1226680.5	amikacin	Susceptible
1226680.5	1226680.5	gentamicin	Susceptible
1226680.5	1226680.5	aztreonam	Susceptible
1226680.5	1226680.5	piperacillin/tazobactam	Susceptible
1226680.5	1226680.5	amoxicillin/clavulanic acid	
1226680.5	1226680.5	amikacin	
1226680.5	1226680.5	ampicillin	
1226680.5	1226680.5	aztreonam	
1226680.5	1226680.5	ceftazidime	
1226680.5	1226680.5	cefazolin	
1226680.5	1226680.5	chloramphenicol	
1226680.5	1226680.5	ciprofloxacin	
1226680.5	1226680.5	ceftriaxone	
1226680.5	1226680.5	colistin	
1226680.5	1226680.5	cefotaxime	
1226680.5	1226680.5	cefotaxime/clavulanic acid	
1226680.5	1226680.5	cefuroxime	
1226680.5	1226680.5	doripenem	
1226680.5	1226680.5	ertapenem	
1226680.5	1226680.5	cefepime	
1226680.5	1226680.5	fosfomycin	
1226680.5	1226680.5	cefoxitin	
1226680.5	1226680.5	gentamicin	
1226680.5	1226680.5	imipenem	
1226680.5	1226680.5	levofloxacin	
1226680.5	1226680.5	meropenem	
1226680.5	1226680.5	minocycline	
1226680.5	1226680.5	nitrofurantoin	
1226680.5	1226680.5	ampicillin/sulbactam	
1226680.5	1226680.5	tetracycline	
1226680.5	1226680.5	tigecycline	
1226680.5	1226680.5	tobramycin	
1226680.5	1226680.5	piperacillin/tazobactam	
1226680.5	1226680.5	polymyxin B	
1226680.5	1226680.5	trimethoprim/sulfamethoxazole	
1263871.10	1263871.10	amoxicillin/clavulanic acid	
1263871.10	1263871.10	amikacin	
1263871.10	1263871.10	ampicillin	
1263871.10	1263871.10	aztreonam	
1263871.10	1263871.10	ceftazidime	
1263871.10	1263871.10	cefazolin	
1263871.10	1263871.10	chloramphenicol	
1263871.10	1263871.10	ciprofloxacin	
1263871.10	1263871.10	ceftriaxone	
1263871.10	1263871.10	colistin	
1263871.10	1263871.10	cefotaxime	
1263871.10	1263871.10	cefotaxime/clavulanic acid	
1263871.10	1263871.10	cefuroxime	
1263871.10	1263871.10	doripenem	
1263871.10	1263871.10	ertapenem	
1263871.10	1263871.10	cefepime	
1263871.10	1263871.10	fosfomycin	
1263871.10	1263871.10	cefoxitin	
1263871.10	1263871.10	gentamicin	
1263871.10	1263871.10	imipenem	
1263871.10	1263871.10	levofloxacin	
1263871.10	1263871.10	meropenem	
1263871.10	1263871.10	minocycline	
1263871.10	1263871.10	nitrofurantoin	
1263871.10	1263871.10	ampicillin/sulbactam	
1263871.10	1263871.10	tetracycline	
1263871.10	1263871.10	tigecycline	
1263871.10	1263871.10	tobramycin	
1263871.10	1263871.10	piperacillin/tazobactam	
1263871.10	1263871.10	polymyxin B	
1263871.10	1263871.10	trimethoprim/sulfamethoxazole	
1263871.3	1263871.3	amoxicillin/clavulanic acid	
1263871.3	1263871.3	amikacin	
1263871.3	1263871.3	ampicillin	
1263871.3	1263871.3	aztreonam	
1263871.3	1263871.3	ceftazidime	
1263871.3	1263871.3	cefazolin	
1263871.3	1263871.3	chloramphenicol	
1263871.3	1263871.3	ciprofloxacin	
1263871.3	1263871.3	ceftriaxone	
1263871.3	1263871.3	colistin	
1263871.3	1263871.3	cefotaxime	
1263871.3	1263871.3	cefotaxime/clavulanic acid	
1263871.3	1263871.3	cefuroxime	
1263871.3	1263871.3	doripenem	
1263871.3	1263871.3	ertapenem	
1263871.3	1263871.3	cefepime	
1263871.3	1263871.3	fosfomycin	
1263871.3	1263871.3	cefoxitin	
1263871.3	1263871.3	gentamicin	
1263871.3	1263871.3	imipenem	
1263871.3	1263871.3	levofloxacin	
1263871.3	1263871.3	meropenem	
1263871.3	1263871.3	minocycline	
1263871.3	1263871.3	nitrofurantoin	
1263871.3	1263871.3	ampicillin/sulbactam	
1263871.3	1263871.3	tetracycline	
1263871.3	1263871.3	tigecycline	
1263871.3	1263871.3	tobramycin	
1263871.3	1263871.3	piperacillin/tazobactam	
1263871.3	1263871.3	polymyxin B	
1263871.3	1263871.3	trimethoprim/sulfamethoxazole	
1232392.6	1232392.6	amoxicillin/clavulanic acid	
1232392.6	1232392.6	amikacin	
1232392.6	1232392.6	ampicillin	
1232392.6	1232392.6	aztreonam	
1232392.6	1232392.6	ceftazidime	
1232392.6	1232392.6	cefazolin	
1232392.6	1232392.6	chloramphenicol	
1232392.6	1232392.6	ciprofloxacin	
1232392.6	1232392.6	ceftriaxone	
1232392.6	1232392.6	colistin	
1232392.6	1232392.6	cefotaxime	
1232392.6	1232392.6	cefotaxime/clavulanic acid	
1232392.6	1232392.6	cefuroxime	
1232392.6	1232392.6	doripenem	
1232392.6	1232392.6	ertapenem	
1232392.6	1232392.6	cefepime	
1232392.6	1232392.6	fosfomycin	
1232392.6	1232392.6	cefoxitin	
1232392.6	1232392.6	gentamicin	
1232392.6	1232392.6	imipenem	
1232392.6	1232392.6	levofloxacin	
1232392.6	1232392.6	meropenem	
1232392.6	1232392.6	minocycline	
1232392.6	1232392.6	nitrofurantoin	
1232392.6	1232392.6	ampicillin/sulbactam	
1232392.6	1232392.6	tetracycline	
1232392.6	1232392.6	tigecycline	
1232392.6	1232392.6	tobramycin	
1232392.6	1232392.6	piperacillin/tazobactam	
1232392.6	1232392.6	polymyxin B	
1232392.6	1232392.6	trimethoprim/sulfamethoxazole	
1236101.6	1236101.6	amoxicillin/clavulanic acid	
1236101.6	1236101.6	amikacin	
1236101.6	1236101.6	ampicillin	
1236101.6	1236101.6	aztreonam	
1236101.6	1236101.6	ceftazidime	
1236101.6	1236101.6	cefazolin	
1236101.6	1236101.6	chloramphenicol	
1236101.6	1236101.6	ciprofloxacin	
1236101.6	1236101.6	ceftriaxone	
1236101.6	1236101.6	colistin	
1236101.6	1236101.6	cefotaxime	
1236101.6	1236101.6	cefotaxime/clavulanic acid	
1236101.6	1236101.6	cefuroxime	
1236101.6	1236101.6	doripenem	
1236101.6	1236101.6	ertapenem	
1236101.6	1236101.6	cefepime	
1236101.6	1236101.6	fosfomycin	
1236101.6	1236101.6	cefoxitin	
1236101.6	1236101.6	gentamicin	
1236101.6	1236101.6	imipenem	
1236101.6	1236101.6	levofloxacin	
1236101.6	1236101.6	meropenem	
1236101.6	1236101.6	minocycline	
1236101.6	1236101.6	nitrofurantoin	
1236101.6	1236101.6	ampicillin/sulbactam	
1236101.6	1236101.6	tetracycline	
1236101.6	1236101.6	tigecycline	
1236101.6	1236101.6	tobramycin	
1236101.6	1236101.6	piperacillin/tazobactam	
1236101.6	1236101.6	polymyxin B	
1236101.6	1236101.6	trimethoprim/sulfamethoxazole	
1236102.6	1236102.6	amoxicillin/clavulanic acid	
1236102.6	1236102.6	amikacin	
1236102.6	1236102.6	ampicillin	
1236102.6	1236102.6	aztreonam	
1236102.6	1236102.6	ceftazidime	
1236102.6	1236102.6	cefazolin	
1236102.6	1236102.6	chloramphenicol	
1236102.6	1236102.6	ciprofloxacin	
1236102.6	1236102.6	ceftriaxone	
1236102.6	1236102.6	colistin	
1236102.6	1236102.6	cefotaxime	
1236102.6	1236102.6	cefotaxime/clavulanic acid	
1236102.6	1236102.6	cefuroxime	
1236102.6	1236102.6	doripenem	
1236102.6	1236102.6	ertapenem	
1236102.6	1236102.6	cefepime	
1236102.6	1236102.6	fosfomycin	
1236102.6	1236102.6	cefoxitin	
1236102.6	1236102.6	gentamicin	
1236102.6	1236102.6	imipenem	
1236102.6	1236102.6	levofloxacin	
1236102.6	1236102.6	meropenem	
1236102.6	1236102.6	minocycline	
1236102.6	1236102.6	nitrofurantoin	
1236102.6	1236102.6	ampicillin/sulbactam	
1236102.6	1236102.6	tetracycline	
1236102.6	1236102.6	tigecycline	
1236102.6	1236102.6	tobramycin	
1236102.6	1236102.6	piperacillin/tazobactam	
1236102.6	1236102.6	polymyxin B	
1236102.6	1236102.6	trimethoprim/sulfamethoxazole	
1236531.3	1236531.3	amoxicillin/clavulanic acid	
1236531.3	1236531.3	amikacin	
1236531.3	1236531.3	ampicillin	
1236531.3	1236531.3	aztreonam	
1236531.3	1236531.3	ceftazidime	
1236531.3	1236531.3	cefazolin	
1236531.3	1236531.3	chloramphenicol	
1236531.3	1236531.3	ciprofloxacin	
1236531.3	1236531.3	ceftriaxone	
1236531.3	1236531.3	colistin	
1236531.3	1236531.3	cefotaxime	
1236531.3	1236531.3	cefotaxime/clavulanic acid	
1236531.3	1236531.3	cefuroxime	
1236531.3	1236531.3	doripenem	
1236531.3	1236531.3	ertapenem	
1236531.3	1236531.3	cefepime	
1236531.3	1236531.3	fosfomycin	
1236531.3	1236531.3	cefoxitin	
1236531.3	1236531.3	gentamicin	
1236531.3	1236531.3	imipenem	
1236531.3	1236531.3	levofloxacin	
1236531.3	1236531.3	meropenem	
1236531.3	1236531.3	minocycline	
1236531.3	1236531.3	nitrofurantoin	
1236531.3	1236531.3	ampicillin/sulbactam	
1236531.3	1236531.3	tetracycline	
1236531.3	1236531.3	tigecycline	
1236531.3	1236531.3	tobramycin	
1236531.3	1236531.3	piperacillin/tazobactam	
1236531.3	1236531.3	polymyxin B	
1236531.3	1236531.3	trimethoprim/sulfamethoxazole	
1244085.20	1244085.20	amoxicillin/clavulanic acid	
1244085.20	1244085.20	amikacin	
1244085.20	1244085.20	ampicillin	
1244085.20	1244085.20	aztreonam	
1244085.20	1244085.20	ceftazidime	
1244085.20	1244085.20	cefazolin	
1244085.20	1244085.20	chloramphenicol	
1244085.20	1244085.20	ciprofloxacin	
1244085.20	1244085.20	ceftriaxone	
1244085.20	1244085.20	colistin	
1244085.20	1244085.20	cefotaxime	
1244085.20	1244085.20	cefotaxime/clavulanic acid	
1244085.20	1244085.20	cefuroxime	
1244085.20	1244085.20	doripenem	
1244085.20	1244085.20	ertapenem	
1244085.20	1244085.20	cefepime	
1244085.20	1244085.20	fosfomycin	
1244085.20	1244085.20	cefoxitin	
1244085.20	1244085.20	gentamicin	
1244085.20	1244085.20	imipenem	
1244085.20	1244085.20	levofloxacin	
1244085.20	1244085.20	meropenem	
1244085.20	1244085.20	minocycline	
1244085.20	1244085.20	nitrofurantoin	
1244085.20	1244085.20	ampicillin/sulbactam	
1244085.20	1244085.20	tetracycline	
1244085.20	1244085.20	tigecycline	
1244085.20	1244085.20	tobramycin	
1244085.20	1244085.20	piperacillin/tazobactam	
1244085.20	1244085.20	polymyxin B	
1244085.20	1244085.20	trimethoprim/sulfamethoxazole	
1244085.3	1244085.3	amoxicillin/clavulanic acid	
1244085.3	1244085.3	amikacin	
1244085.3	1244085.3	ampicillin	
1244085.3	1244085.3	aztreonam	
1244085.3	1244085.3	ceftazidime	
1244085.3	1244085.3	cefazolin	
1244085.3	1244085.3	chloramphenicol	
1244085.3	1244085.3	ciprofloxacin	
1244085.3	1244085.3	ceftriaxone	
1244085.3	1244085.3	colistin	
1244085.3	1244085.3	cefotaxime	
1244085.3	1244085.3	cefotaxime/clavulanic acid	
1244085.3	1244085.3	cefuroxime	
1244085.3	1244085.3	doripenem	
1244085.3	1244085.3	ertapenem	
1244085.3	1244085.3	cefepime	
1244085.3	1244085.3	fosfomycin	
1244085.3	1244085.3	cefoxitin	
1244085.3	1244085.3	gentamicin	
1244085.3	1244085.3	imipenem	
1244085.3	1244085.3	levofloxacin	
1244085.3	1244085.3	meropenem	
1244085.3	1244085.3	minocycline	
1244085.3	1244085.3	nitrofurantoin	
1244085.3	1244085.3	ampicillin/sulbactam	
1244085.3	1244085.3	tetracycline	
1244085.3	1244085.3	tigecycline	
1244085.3	1244085.3	tobramycin	
1244085.3	1244085.3	piperacillin/tazobactam	
1244085.3	1244085.3	polymyxin B	
1244085.3	1244085.3	trimethoprim/sulfamethoxazole	
1250520.3	1250520.3	amoxicillin/clavulanic acid	
1250520.3	1250520.3	amikacin	
1250520.3	1250520.3	ampicillin	
1250520.3	1250520.3	aztreonam	
1250520.3	1250520.3	ceftazidime	
1250520.3	1250520.3	cefazolin	
1250520.3	1250520.3	chloramphenicol	
1250520.3	1250520.3	ciprofloxacin	
1250520.3	1250520.3	ceftriaxone	
1250520.3	1250520.3	colistin	
1250520.3	1250520.3	cefotaxime	
1250520.3	1250520.3	cefotaxime/clavulanic acid	
1250520.3	1250520.3	cefuroxime	
1250520.3	1250520.3	doripenem	
1250520.3	1250520.3	ertapenem	
1250520.3	1250520.3	cefepime	
1250520.3	1250520.3	fosfomycin	
1250520.3	1250520.3	cefoxitin	
1250520.3	1250520.3	gentamicin	
1250520.3	1250520.3	imipenem	
1250520.3	1250520.3	levofloxacin	
1250520.3	1250520.3	meropenem	
1250520.3	1250520.3	minocycline	
1250520.3	1250520.3	nitrofurantoin	
1250520.3	1250520.3	ampicillin/sulbactam	
1250520.3	1250520.3	tetracycline	
1250520.3	1250520.3	tigecycline	
1250520.3	1250520.3	tobramycin	
1250520.3	1250520.3	piperacillin/tazobactam	
1250520.3	1250520.3	polymyxin B	
1250520.3	1250520.3	trimethoprim/sulfamethoxazole	
1250520.6	1250520.6	levofloxacin	Susceptible
1250520.6	1250520.6	aztreonam	Susceptible
1250520.6	1250520.6	imipenem	Susceptible
1250520.6	1250520.6	tetracycline	Resistant
1250520.6	1250520.6	piperacillin/tazobactam	Susceptible
1250520.6	1250520.6	cefepime	Resistant
1250520.6	1250520.6	cefoxitin	Susceptible
1250520.6	1250520.6	tobramycin	Susceptible
1250520.6	1250520.6	gentamicin	Susceptible
1250520.6	1250520.6	meropenem	Susceptible
1250520.6	1250520.6	amikacin	Susceptible
1250520.6	1250520.6	ciprofloxacin	Susceptible
1250520.6	1250520.6	trimethoprim/sulfamethoxazole	Susceptible
1250520.6	1250520.6	amoxicillin/clavulanic acid	
1250520.6	1250520.6	amikacin	
1250520.6	1250520.6	ampicillin	
1250520.6	1250520.6	aztreonam	
1250520.6	1250520.6	ceftazidime	
1250520.6	1250520.6	cefazolin	
1250520.6	1250520.6	chloramphenicol	
1250520.6	1250520.6	ciprofloxacin	
1250520.6	1250520.6	ceftriaxone	
1250520.6	1250520.6	colistin	
1250520.6	1250520.6	cefotaxime	
1250520.6	1250520.6	cefotaxime/clavulanic acid	
1250520.6	1250520.6	cefuroxime	
1250520.6	1250520.6	doripenem	
1250520.6	1250520.6	ertapenem	
1250520.6	1250520.6	cefepime	
1250520.6	1250520.6	fosfomycin	
1250520.6	1250520.6	cefoxitin	
1250520.6	1250520.6	gentamicin	
1250520.6	1250520.6	imipenem	
1250520.6	1250520.6	levofloxacin	
1250520.6	1250520.6	meropenem	
1250520.6	1250520.6	minocycline	
1250520.6	1250520.6	nitrofurantoin	
1250520.6	1250520.6	ampicillin/sulbactam	
1250520.6	1250520.6	tetracycline	
1250520.6	1250520.6	tigecycline	
1250520.6	1250520.6	tobramycin	
1250520.6	1250520.6	piperacillin/tazobactam	
1250520.6	1250520.6	polymyxin B	
1250520.6	1250520.6	trimethoprim/sulfamethoxazole	
1250520.6	1250520.6	ertapenem	Susceptible
1300166.3	1300166.3	amoxicillin/clavulanic acid	
1300166.3	1300166.3	amikacin	
1300166.3	1300166.3	ampicillin	
1300166.3	1300166.3	aztreonam	
1300166.3	1300166.3	ceftazidime	
1300166.3	1300166.3	cefazolin	
1300166.3	1300166.3	chloramphenicol	
1300166.3	1300166.3	ciprofloxacin	
1300166.3	1300166.3	ceftriaxone	
1300166.3	1300166.3	colistin	
1300166.3	1300166.3	cefotaxime	
1300166.3	1300166.3	cefotaxime/clavulanic acid	
1300166.3	1300166.3	cefuroxime	
1300166.3	1300166.3	doripenem	
1300166.3	1300166.3	ertapenem	
1300166.3	1300166.3	cefepime	
1300166.3	1300166.3	fosfomycin	
1300166.3	1300166.3	cefoxitin	
1300166.3	1300166.3	gentamicin	
1300166.3	1300166.3	imipenem	
1300166.3	1300166.3	levofloxacin	
1300166.3	1300166.3	meropenem	
1300166.3	1300166.3	minocycline	
1300166.3	1300166.3	nitrofurantoin	
1300166.3	1300166.3	ampicillin/sulbactam	
1300166.3	1300166.3	tetracycline	
1300166.3	1300166.3	tigecycline	
1300166.3	1300166.3	tobramycin	
1300166.3	1300166.3	piperacillin/tazobactam	
1300166.3	1300166.3	polymyxin B	
1300166.3	1300166.3	trimethoprim/sulfamethoxazole	
1304916.4	1304916.4	trimethoprim/sulfamethoxazole	Resistant
1304916.4	1304916.4	minocycline	Resistant
1304916.4	1304916.4	imipenem	Resistant
1304916.4	1304916.4	ertapenem	Resistant
1304916.4	1304916.4	doripenem	Resistant
1304916.4	1304916.4	meropenem	Resistant
1304916.4	1304916.4	doxycycline	Resistant
1304916.4	1304916.4	amikacin	Intermediate
1304916.4	1304916.4	ciprofloxacin	Resistant
1304916.4	1304916.4	tigecycline	Susceptible
1304916.4	1304916.4	levofloxacin	Resistant
1304916.4	1304916.4	aztreonam	Resistant
1304916.4	1304916.4	gentamicin	Susceptible
1304916.4	1304916.4	ceftazidime	Resistant
1304916.4	1304916.4	piperacillin/tazobactam	Resistant
1304916.4	1304916.4	tobramycin	Resistant
1304916.4	1304916.4	colistin	Susceptible
1304916.4	1304916.4	ticarcillin/clavulanic acid	Resistant
1304916.4	1304916.4	polymyxin B	Susceptible
1304916.4	1304916.4	cefotaxime	Resistant
1304916.4	1304916.4	amoxicillin/clavulanic acid	
1304916.4	1304916.4	amikacin	
1304916.4	1304916.4	ampicillin	
1304916.4	1304916.4	aztreonam	
1304916.4	1304916.4	ceftazidime	
1304916.4	1304916.4	cefazolin	
1304916.4	1304916.4	chloramphenicol	
1304916.4	1304916.4	ciprofloxacin	
1304916.4	1304916.4	ceftriaxone	
1304916.4	1304916.4	colistin	
1304916.4	1304916.4	cefotaxime	
1304916.4	1304916.4	cefotaxime/clavulanic acid	
1304916.4	1304916.4	cefuroxime	
1304916.4	1304916.4	doripenem	
1304916.4	1304916.4	ertapenem	
1304916.4	1304916.4	cefepime	
1304916.4	1304916.4	fosfomycin	
1304916.4	1304916.4	cefoxitin	
1304916.4	1304916.4	gentamicin	
1304916.4	1304916.4	imipenem	
1304916.4	1304916.4	levofloxacin	
1304916.4	1304916.4	meropenem	
1304916.4	1304916.4	minocycline	
1304916.4	1304916.4	nitrofurantoin	
1304916.4	1304916.4	ampicillin/sulbactam	
1304916.4	1304916.4	tetracycline	
1304916.4	1304916.4	tigecycline	
1304916.4	1304916.4	tobramycin	
1304916.4	1304916.4	piperacillin/tazobactam	
1304916.4	1304916.4	polymyxin B	
1304916.4	1304916.4	trimethoprim/sulfamethoxazole	
1304916.4	1304916.4	cefepime	Resistant
1304917.4	1304917.4	tobramycin	Resistant
1304917.4	1304917.4	ticarcillin/clavulanic acid	Resistant
1304917.4	1304917.4	cefotaxime	Resistant
1304917.4	1304917.4	piperacillin/tazobactam	Resistant
1304917.4	1304917.4	levofloxacin	Resistant
1304917.4	1304917.4	doripenem	Resistant
1304917.4	1304917.4	polymyxin B	Susceptible
1304917.4	1304917.4	colistin	Susceptible
1304917.4	1304917.4	amikacin	Susceptible
1304917.4	1304917.4	ertapenem	Resistant
1304917.4	1304917.4	imipenem	Resistant
1304917.4	1304917.4	meropenem	Resistant
1304917.4	1304917.4	doxycycline	Intermediate
1304917.4	1304917.4	ciprofloxacin	Resistant
1304917.4	1304917.4	ceftazidime	Resistant
1304917.4	1304917.4	cefepime	Resistant
1304917.4	1304917.4	tigecycline	Susceptible
1304917.4	1304917.4	aztreonam	Resistant
1304917.4	1304917.4	trimethoprim/sulfamethoxazole	Susceptible
1304917.4	1304917.4	amoxicillin/clavulanic acid	
1304917.4	1304917.4	amikacin	
1304917.4	1304917.4	ampicillin	
1304917.4	1304917.4	aztreonam	
1304917.4	1304917.4	ceftazidime	
1304917.4	1304917.4	cefazolin	
1304917.4	1304917.4	chloramphenicol	
1304917.4	1304917.4	ciprofloxacin	
1304917.4	1304917.4	ceftriaxone	
1304917.4	1304917.4	colistin	
1304917.4	1304917.4	cefotaxime	
1304917.4	1304917.4	cefotaxime/clavulanic acid	
1304917.4	1304917.4	cefuroxime	
1304917.4	1304917.4	doripenem	
1304917.4	1304917.4	ertapenem	
1304917.4	1304917.4	cefepime	
1304917.4	1304917.4	fosfomycin	
1304917.4	1304917.4	cefoxitin	
1304917.4	1304917.4	gentamicin	
1304917.4	1304917.4	imipenem	
1304917.4	1304917.4	levofloxacin	
1304917.4	1304917.4	meropenem	
1304917.4	1304917.4	minocycline	
1304917.4	1304917.4	nitrofurantoin	
1304917.4	1304917.4	ampicillin/sulbactam	
1304917.4	1304917.4	tetracycline	
1304917.4	1304917.4	tigecycline	
1304917.4	1304917.4	tobramycin	
1304917.4	1304917.4	piperacillin/tazobactam	
1304917.4	1304917.4	polymyxin B	
1304917.4	1304917.4	trimethoprim/sulfamethoxazole	
1304917.4	1304917.4	minocycline	Intermediate
1304917.4	1304917.4	gentamicin	Susceptible
1304918.4	1304918.4	gentamicin	Susceptible
1304918.4	1304918.4	piperacillin/tazobactam	Resistant
1304918.4	1304918.4	meropenem	Resistant
1304918.4	1304918.4	tobramycin	Resistant
1304918.4	1304918.4	imipenem	Resistant
1304918.4	1304918.4	amikacin	Susceptible
1304918.4	1304918.4	ceftazidime	Resistant
1304918.4	1304918.4	cefotaxime	Resistant
1304918.4	1304918.4	ticarcillin/clavulanic acid	Resistant
1304918.4	1304918.4	minocycline	Intermediate
1304918.4	1304918.4	polymyxin B	Susceptible
1304918.4	1304918.4	trimethoprim/sulfamethoxazole	Resistant
1304918.4	1304918.4	levofloxacin	Resistant
1304918.4	1304918.4	colistin	Susceptible
1304918.4	1304918.4	cefepime	Resistant
1304918.4	1304918.4	tigecycline	Susceptible
1304918.4	1304918.4	doripenem	Resistant
1304918.4	1304918.4	ciprofloxacin	Resistant
1304918.4	1304918.4	aztreonam	Resistant
1304918.4	1304918.4	doxycycline	Susceptible
1304918.4	1304918.4	amoxicillin/clavulanic acid	
1304918.4	1304918.4	amikacin	
1304918.4	1304918.4	ampicillin	
1304918.4	1304918.4	aztreonam	
1304918.4	1304918.4	ceftazidime	
1304918.4	1304918.4	cefazolin	
1304918.4	1304918.4	chloramphenicol	
1304918.4	1304918.4	ciprofloxacin	
1304918.4	1304918.4	ceftriaxone	
1304918.4	1304918.4	colistin	
1304918.4	1304918.4	cefotaxime	
1304918.4	1304918.4	cefotaxime/clavulanic acid	
1304918.4	1304918.4	cefuroxime	
1304918.4	1304918.4	doripenem	
1304918.4	1304918.4	ertapenem	
1304918.4	1304918.4	cefepime	
1304918.4	1304918.4	fosfomycin	
1304918.4	1304918.4	cefoxitin	
1304918.4	1304918.4	gentamicin	
1304918.4	1304918.4	imipenem	
1304918.4	1304918.4	levofloxacin	
1304918.4	1304918.4	meropenem	
1304918.4	1304918.4	minocycline	
1304918.4	1304918.4	nitrofurantoin	
1304918.4	1304918.4	ampicillin/sulbactam	
1304918.4	1304918.4	tetracycline	
1304918.4	1304918.4	tigecycline	
1304918.4	1304918.4	tobramycin	
1304918.4	1304918.4	piperacillin/tazobactam	
1304918.4	1304918.4	polymyxin B	
1304918.4	1304918.4	trimethoprim/sulfamethoxazole	
1304918.4	1304918.4	ertapenem	Resistant
1304919.4	1304919.4	gentamicin	Susceptible
1304919.4	1304919.4	doxycycline	Intermediate
1304919.4	1304919.4	ertapenem	Resistant
1304919.4	1304919.4	piperacillin/tazobactam	Resistant
1304919.4	1304919.4	doripenem	Resistant
1304919.4	1304919.4	meropenem	Resistant
1304919.4	1304919.4	amikacin	Susceptible
1304919.4	1304919.4	tigecycline	Susceptible
1304919.4	1304919.4	tobramycin	Resistant
1304919.4	1304919.4	colistin	Resistant
1304919.4	1304919.4	minocycline	Intermediate
1304919.4	1304919.4	ceftazidime	Resistant
1304919.4	1304919.4	aztreonam	Resistant
1304919.4	1304919.4	polymyxin B	Resistant
1304919.4	1304919.4	cefepime	Resistant
1304919.4	1304919.4	trimethoprim/sulfamethoxazole	Susceptible
1304919.4	1304919.4	levofloxacin	Resistant
1304919.4	1304919.4	cefotaxime	Resistant
1304919.4	1304919.4	amoxicillin/clavulanic acid	
1304919.4	1304919.4	amikacin	
1304919.4	1304919.4	ampicillin	
1304919.4	1304919.4	aztreonam	
1304919.4	1304919.4	ceftazidime	
1304919.4	1304919.4	cefazolin	
1304919.4	1304919.4	chloramphenicol	
1304919.4	1304919.4	ciprofloxacin	
1304919.4	1304919.4	ceftriaxone	
1304919.4	1304919.4	colistin	
1304919.4	1304919.4	cefotaxime	
1304919.4	1304919.4	cefotaxime/clavulanic acid	
1304919.4	1304919.4	cefuroxime	
1304919.4	1304919.4	doripenem	
1304919.4	1304919.4	ertapenem	
1304919.4	1304919.4	cefepime	
1304919.4	1304919.4	fosfomycin	
1304919.4	1304919.4	cefoxitin	
1304919.4	1304919.4	gentamicin	
1304919.4	1304919.4	imipenem	
1304919.4	1304919.4	levofloxacin	
1304919.4	1304919.4	meropenem	
1304919.4	1304919.4	minocycline	
1304919.4	1304919.4	nitrofurantoin	
1304919.4	1304919.4	ampicillin/sulbactam	
1304919.4	1304919.4	tetracycline	
1304919.4	1304919.4	tigecycline	
1304919.4	1304919.4	tobramycin	
1304919.4	1304919.4	piperacillin/tazobactam	
1304919.4	1304919.4	polymyxin B	
1304919.4	1304919.4	trimethoprim/sulfamethoxazole	
1304919.4	1304919.4	ciprofloxacin	Resistant
1304919.4	1304919.4	ticarcillin/clavulanic acid	Resistant
1304919.4	1304919.4	imipenem	Resistant
1304920.3	1304920.3	gentamicin	Susceptible
1304920.3	1304920.3	ticarcillin/clavulanic acid	Resistant
1304920.3	1304920.3	minocycline	Intermediate
1304920.3	1304920.3	ertapenem	Resistant
1304920.3	1304920.3	colistin	Susceptible
1304920.3	1304920.3	tobramycin	Resistant
1304920.3	1304920.3	trimethoprim/sulfamethoxazole	Susceptible
1304920.3	1304920.3	tigecycline	Susceptible
1304920.3	1304920.3	amikacin	Resistant
1304920.3	1304920.3	doripenem	Resistant
1304920.3	1304920.3	aztreonam	Resistant
1304920.3	1304920.3	ceftazidime	Resistant
1304920.3	1304920.3	cefepime	Resistant
1304920.3	1304920.3	piperacillin/tazobactam	Resistant
1304920.3	1304920.3	cefotaxime	Resistant
1304920.3	1304920.3	ciprofloxacin	Resistant
1304920.3	1304920.3	doxycycline	Intermediate
1304920.3	1304920.3	meropenem	Resistant
1304920.3	1304920.3	amoxicillin/clavulanic acid	
1304920.3	1304920.3	amikacin	
1304920.3	1304920.3	ampicillin	
1304920.3	1304920.3	aztreonam	
1304920.3	1304920.3	ceftazidime	
1304920.3	1304920.3	cefazolin	
1304920.3	1304920.3	chloramphenicol	
1304920.3	1304920.3	ciprofloxacin	
1304920.3	1304920.3	ceftriaxone	
1304920.3	1304920.3	colistin	
1304920.3	1304920.3	cefotaxime	
1304920.3	1304920.3	cefotaxime/clavulanic acid	
1304920.3	1304920.3	cefuroxime	
1304920.3	1304920.3	doripenem	
1304920.3	1304920.3	ertapenem	
1304920.3	1304920.3	cefepime	
1304920.3	1304920.3	fosfomycin	
1304920.3	1304920.3	cefoxitin	
1304920.3	1304920.3	gentamicin	
1304920.3	1304920.3	imipenem	
1304920.3	1304920.3	levofloxacin	
1304920.3	1304920.3	meropenem	
1304920.3	1304920.3	minocycline	
1304920.3	1304920.3	nitrofurantoin	
1304920.3	1304920.3	ampicillin/sulbactam	
1304920.3	1304920.3	tetracycline	
1304920.3	1304920.3	tigecycline	
1304920.3	1304920.3	tobramycin	
1304920.3	1304920.3	piperacillin/tazobactam	
1304920.3	1304920.3	polymyxin B	
1304920.3	1304920.3	trimethoprim/sulfamethoxazole	
1304920.3	1304920.3	levofloxacin	Resistant
1304920.3	1304920.3	polymyxin B	Susceptible
1304920.3	1304920.3	imipenem	Resistant
1304921.4	1304921.4	doxycycline	Susceptible
1304921.4	1304921.4	imipenem	Resistant
1304921.4	1304921.4	doripenem	Resistant
1304921.4	1304921.4	polymyxin B	Susceptible
1304921.4	1304921.4	ciprofloxacin	Resistant
1304921.4	1304921.4	trimethoprim/sulfamethoxazole	Resistant
1304921.4	1304921.4	cefotaxime	Resistant
1304921.4	1304921.4	tobramycin	Resistant
1304921.4	1304921.4	tigecycline	Susceptible
1304921.4	1304921.4	ceftazidime	Resistant
1304921.4	1304921.4	levofloxacin	Resistant
1304921.4	1304921.4	aztreonam	Resistant
1304921.4	1304921.4	amikacin	Susceptible
1304921.4	1304921.4	piperacillin/tazobactam	Resistant
1304921.4	1304921.4	cefepime	Resistant
1304921.4	1304921.4	ticarcillin/clavulanic acid	Resistant
1304921.4	1304921.4	ertapenem	Resistant
1304921.4	1304921.4	gentamicin	Susceptible
1304921.4	1304921.4	meropenem	Resistant
1304921.4	1304921.4	minocycline	Susceptible
1304921.4	1304921.4	amoxicillin/clavulanic acid	
1304921.4	1304921.4	amikacin	
1304921.4	1304921.4	ampicillin	
1304921.4	1304921.4	aztreonam	
1304921.4	1304921.4	ceftazidime	
1304921.4	1304921.4	cefazolin	
1304921.4	1304921.4	chloramphenicol	
1304921.4	1304921.4	ciprofloxacin	
1304921.4	1304921.4	ceftriaxone	
1304921.4	1304921.4	colistin	
1304921.4	1304921.4	cefotaxime	
1304921.4	1304921.4	cefotaxime/clavulanic acid	
1304921.4	1304921.4	cefuroxime	
1304921.4	1304921.4	doripenem	
1304921.4	1304921.4	ertapenem	
1304921.4	1304921.4	cefepime	
1304921.4	1304921.4	fosfomycin	
1304921.4	1304921.4	cefoxitin	
1304921.4	1304921.4	gentamicin	
1304921.4	1304921.4	imipenem	
1304921.4	1304921.4	levofloxacin	
1304921.4	1304921.4	meropenem	
1304921.4	1304921.4	minocycline	
1304921.4	1304921.4	nitrofurantoin	
1304921.4	1304921.4	ampicillin/sulbactam	
1304921.4	1304921.4	tetracycline	
1304921.4	1304921.4	tigecycline	
1304921.4	1304921.4	tobramycin	
1304921.4	1304921.4	piperacillin/tazobactam	
1304921.4	1304921.4	polymyxin B	
1304921.4	1304921.4	trimethoprim/sulfamethoxazole	
1304921.4	1304921.4	colistin	Susceptible
1304922.3	1304922.3	levofloxacin	Resistant
1304922.3	1304922.3	cefotaxime	Resistant
1304922.3	1304922.3	imipenem	Resistant
1304922.3	1304922.3	cefepime	Resistant
1304922.3	1304922.3	meropenem	Resistant
1304922.3	1304922.3	doxycycline	Intermediate
1304922.3	1304922.3	polymyxin B	Intermediate
1304922.3	1304922.3	tobramycin	Resistant
1304922.3	1304922.3	ticarcillin/clavulanic acid	Resistant
1304922.3	1304922.3	aztreonam	Resistant
1304922.3	1304922.3	minocycline	Intermediate
1304922.3	1304922.3	tigecycline	Susceptible
1304922.3	1304922.3	doripenem	Resistant
1304922.3	1304922.3	amikacin	Susceptible
1304922.3	1304922.3	gentamicin	Susceptible
1304922.3	1304922.3	piperacillin/tazobactam	Resistant
1304922.3	1304922.3	trimethoprim/sulfamethoxazole	Susceptible
1304922.3	1304922.3	amoxicillin/clavulanic acid	
1304922.3	1304922.3	amikacin	
1304922.3	1304922.3	ampicillin	
1304922.3	1304922.3	aztreonam	
1304922.3	1304922.3	ceftazidime	
1304922.3	1304922.3	cefazolin	
1304922.3	1304922.3	chloramphenicol	
1304922.3	1304922.3	ciprofloxacin	
1304922.3	1304922.3	ceftriaxone	
1304922.3	1304922.3	colistin	
1304922.3	1304922.3	cefotaxime	
1304922.3	1304922.3	cefotaxime/clavulanic acid	
1304922.3	1304922.3	cefuroxime	
1304922.3	1304922.3	doripenem	
1304922.3	1304922.3	ertapenem	
1304922.3	1304922.3	cefepime	
1304922.3	1304922.3	fosfomycin	
1304922.3	1304922.3	cefoxitin	
1304922.3	1304922.3	gentamicin	
1304922.3	1304922.3	imipenem	
1304922.3	1304922.3	levofloxacin	
1304922.3	1304922.3	meropenem	
1304922.3	1304922.3	minocycline	
1304922.3	1304922.3	nitrofurantoin	
1304922.3	1304922.3	ampicillin/sulbactam	
1304922.3	1304922.3	tetracycline	
1304922.3	1304922.3	tigecycline	
1304922.3	1304922.3	tobramycin	
1304922.3	1304922.3	piperacillin/tazobactam	
1304922.3	1304922.3	polymyxin B	
1304922.3	1304922.3	trimethoprim/sulfamethoxazole	
1304922.3	1304922.3	ceftazidime	Resistant
1304922.3	1304922.3	colistin	Susceptible
1304922.3	1304922.3	ciprofloxacin	Resistant
1304922.3	1304922.3	ertapenem	Resistant
1304922.6	1304922.6	amoxicillin/clavulanic acid	
1304922.6	1304922.6	amikacin	
1304922.6	1304922.6	ampicillin	
1304922.6	1304922.6	aztreonam	
1304922.6	1304922.6	ceftazidime	
1304922.6	1304922.6	cefazolin	
1304922.6	1304922.6	chloramphenicol	
1304922.6	1304922.6	ciprofloxacin	
1304922.6	1304922.6	ceftriaxone	
1304922.6	1304922.6	colistin	
1304922.6	1304922.6	cefotaxime	
1304922.6	1304922.6	cefotaxime/clavulanic acid	
1304922.6	1304922.6	cefuroxime	
1304922.6	1304922.6	doripenem	
1304922.6	1304922.6	ertapenem	
1304922.6	1304922.6	cefepime	
1304922.6	1304922.6	fosfomycin	
1304922.6	1304922.6	cefoxitin	
1304922.6	1304922.6	gentamicin	
1304922.6	1304922.6	imipenem	
1304922.6	1304922.6	levofloxacin	
1304922.6	1304922.6	meropenem	
1304922.6	1304922.6	minocycline	
1304922.6	1304922.6	nitrofurantoin	
1304922.6	1304922.6	ampicillin/sulbactam	
1304922.6	1304922.6	tetracycline	
1304922.6	1304922.6	tigecycline	
1304922.6	1304922.6	tobramycin	
1304922.6	1304922.6	piperacillin/tazobactam	
1304922.6	1304922.6	polymyxin B	
1304922.6	1304922.6	trimethoprim/sulfamethoxazole	
1304922.7	1304922.7	amoxicillin/clavulanic acid	
1304922.7	1304922.7	amikacin	
1304922.7	1304922.7	ampicillin	
1304922.7	1304922.7	aztreonam	
1304922.7	1304922.7	ceftazidime	
1304922.7	1304922.7	cefazolin	
1304922.7	1304922.7	chloramphenicol	
1304922.7	1304922.7	ciprofloxacin	
1304922.7	1304922.7	ceftriaxone	
1304922.7	1304922.7	colistin	
1304922.7	1304922.7	cefotaxime	
1304922.7	1304922.7	cefotaxime/clavulanic acid	
1304922.7	1304922.7	cefuroxime	
1304922.7	1304922.7	doripenem	
1304922.7	1304922.7	ertapenem	
1304922.7	1304922.7	cefepime	
1304922.7	1304922.7	fosfomycin	
1304922.7	1304922.7	cefoxitin	
1304922.7	1304922.7	gentamicin	
1304922.7	1304922.7	imipenem	
1304922.7	1304922.7	levofloxacin	
1304922.7	1304922.7	meropenem	
1304922.7	1304922.7	minocycline	
1304922.7	1304922.7	nitrofurantoin	
1304922.7	1304922.7	ampicillin/sulbactam	
1304922.7	1304922.7	tetracycline	
1304922.7	1304922.7	tigecycline	
1304922.7	1304922.7	tobramycin	
1304922.7	1304922.7	piperacillin/tazobactam	
1304922.7	1304922.7	polymyxin B	
1304922.7	1304922.7	trimethoprim/sulfamethoxazole	
1304922.8	1304922.8	amoxicillin/clavulanic acid	
1304922.8	1304922.8	amikacin	
1304922.8	1304922.8	ampicillin	
1304922.8	1304922.8	aztreonam	
1304922.8	1304922.8	ceftazidime	
1304922.8	1304922.8	cefazolin	
1304922.8	1304922.8	chloramphenicol	
1304922.8	1304922.8	ciprofloxacin	
1304922.8	1304922.8	ceftriaxone	
1304922.8	1304922.8	colistin	
1304922.8	1304922.8	cefotaxime	
1304922.8	1304922.8	cefotaxime/clavulanic acid	
1304922.8	1304922.8	cefuroxime	
1304922.8	1304922.8	doripenem	
1304922.8	1304922.8	ertapenem	
1304922.8	1304922.8	cefepime	
1304922.8	1304922.8	fosfomycin	
1304922.8	1304922.8	cefoxitin	
1304922.8	1304922.8	gentamicin	
1304922.8	1304922.8	imipenem	
1304922.8	1304922.8	levofloxacin	
1304922.8	1304922.8	meropenem	
1304922.8	1304922.8	minocycline	
1304922.8	1304922.8	nitrofurantoin	
1304922.8	1304922.8	ampicillin/sulbactam	
1304922.8	1304922.8	tetracycline	
1304922.8	1304922.8	tigecycline	
1304922.8	1304922.8	tobramycin	
1304922.8	1304922.8	piperacillin/tazobactam	
1304922.8	1304922.8	polymyxin B	
1304922.8	1304922.8	trimethoprim/sulfamethoxazole	
1304922.9	1304922.9	amoxicillin/clavulanic acid	
1304922.9	1304922.9	amikacin	
1304922.9	1304922.9	ampicillin	
1304922.9	1304922.9	aztreonam	
1304922.9	1304922.9	ceftazidime	
1304922.9	1304922.9	cefazolin	
1304922.9	1304922.9	chloramphenicol	
1304922.9	1304922.9	ciprofloxacin	
1304922.9	1304922.9	ceftriaxone	
1304922.9	1304922.9	colistin	
1304922.9	1304922.9	cefotaxime	
1304922.9	1304922.9	cefotaxime/clavulanic acid	
1304922.9	1304922.9	cefuroxime	
1304922.9	1304922.9	doripenem	
1304922.9	1304922.9	ertapenem	
1304922.9	1304922.9	cefepime	
1304922.9	1304922.9	fosfomycin	
1304922.9	1304922.9	cefoxitin	
1304922.9	1304922.9	gentamicin	
1304922.9	1304922.9	imipenem	
1304922.9	1304922.9	levofloxacin	
1304922.9	1304922.9	meropenem	
1304922.9	1304922.9	minocycline	
1304922.9	1304922.9	nitrofurantoin	
1304922.9	1304922.9	ampicillin/sulbactam	
1304922.9	1304922.9	tetracycline	
1304922.9	1304922.9	tigecycline	
1304922.9	1304922.9	tobramycin	
1304922.9	1304922.9	piperacillin/tazobactam	
1304922.9	1304922.9	polymyxin B	
1304922.9	1304922.9	trimethoprim/sulfamethoxazole	
1304923.3	1304923.3	ticarcillin/clavulanic acid	Resistant
1304923.3	1304923.3	ceftazidime	Resistant
1304923.3	1304923.3	polymyxin B	Susceptible
1304923.3	1304923.3	ertapenem	Resistant
1304923.3	1304923.3	cefotaxime	Resistant
1304923.3	1304923.3	piperacillin/tazobactam	Resistant
1304923.3	1304923.3	colistin	Susceptible
1304923.3	1304923.3	gentamicin	Resistant
1304923.3	1304923.3	ciprofloxacin	Resistant
1304923.3	1304923.3	tobramycin	Resistant
1304923.3	1304923.3	cefepime	Intermediate
1304923.3	1304923.3	minocycline	Susceptible
1304923.3	1304923.3	levofloxacin	Resistant
1304923.3	1304923.3	amikacin	Susceptible
1304923.3	1304923.3	doripenem	Resistant
1304923.3	1304923.3	trimethoprim/sulfamethoxazole	Resistant
1304923.3	1304923.3	doxycycline	Susceptible
1304923.3	1304923.3	aztreonam	Resistant
1304923.3	1304923.3	meropenem	Resistant
1304923.3	1304923.3	amoxicillin/clavulanic acid	
1304923.3	1304923.3	amikacin	
1304923.3	1304923.3	ampicillin	
1304923.3	1304923.3	aztreonam	
1304923.3	1304923.3	ceftazidime	
1304923.3	1304923.3	cefazolin	
1304923.3	1304923.3	chloramphenicol	
1304923.3	1304923.3	ciprofloxacin	
1304923.3	1304923.3	ceftriaxone	
1304923.3	1304923.3	colistin	
1304923.3	1304923.3	cefotaxime	
1304923.3	1304923.3	cefotaxime/clavulanic acid	
1304923.3	1304923.3	cefuroxime	
1304923.3	1304923.3	doripenem	
1304923.3	1304923.3	ertapenem	
1304923.3	1304923.3	cefepime	
1304923.3	1304923.3	fosfomycin	
1304923.3	1304923.3	cefoxitin	
1304923.3	1304923.3	gentamicin	
1304923.3	1304923.3	imipenem	
1304923.3	1304923.3	levofloxacin	
1304923.3	1304923.3	meropenem	
1304923.3	1304923.3	minocycline	
1304923.3	1304923.3	nitrofurantoin	
1304923.3	1304923.3	ampicillin/sulbactam	
1304923.3	1304923.3	tetracycline	
1304923.3	1304923.3	tigecycline	
1304923.3	1304923.3	tobramycin	
1304923.3	1304923.3	piperacillin/tazobactam	
1304923.3	1304923.3	polymyxin B	
1304923.3	1304923.3	trimethoprim/sulfamethoxazole	
1304923.3	1304923.3	tigecycline	Susceptible
1304923.3	1304923.3	imipenem	Resistant
1304924.3	1304924.3	ticarcillin/clavulanic acid	Resistant
1304924.3	1304924.3	ciprofloxacin	Resistant
1304924.3	1304924.3	tigecycline	Susceptible
1304924.3	1304924.3	tobramycin	Resistant
1304924.3	1304924.3	ertapenem	Resistant
1304924.3	1304924.3	cefepime	Resistant
1304924.3	1304924.3	doxycycline	Intermediate
1304924.3	1304924.3	minocycline	Intermediate
1304924.3	1304924.3	levofloxacin	Resistant
1304924.3	1304924.3	imipenem	Resistant
1304924.3	1304924.3	colistin	Susceptible
1304924.3	1304924.3	polymyxin B	Susceptible
1304924.3	1304924.3	aztreonam	Resistant
1304924.3	1304924.3	ceftazidime	Resistant
1304924.3	1304924.3	amikacin	Susceptible
1304924.3	1304924.3	gentamicin	Intermediate
1304924.3	1304924.3	piperacillin/tazobactam	Resistant
1304924.3	1304924.3	meropenem	Resistant
1304924.3	1304924.3	cefotaxime	Resistant
1304924.3	1304924.3	amoxicillin/clavulanic acid	
1304924.3	1304924.3	amikacin	
1304924.3	1304924.3	ampicillin	
1304924.3	1304924.3	aztreonam	
1304924.3	1304924.3	ceftazidime	
1304924.3	1304924.3	cefazolin	
1304924.3	1304924.3	chloramphenicol	
1304924.3	1304924.3	ciprofloxacin	
1304924.3	1304924.3	ceftriaxone	
1304924.3	1304924.3	colistin	
1304924.3	1304924.3	cefotaxime	
1304924.3	1304924.3	cefotaxime/clavulanic acid	
1304924.3	1304924.3	cefuroxime	
1304924.3	1304924.3	doripenem	
1304924.3	1304924.3	ertapenem	
1304924.3	1304924.3	cefepime	
1304924.3	1304924.3	fosfomycin	
1304924.3	1304924.3	cefoxitin	
1304924.3	1304924.3	gentamicin	
1304924.3	1304924.3	imipenem	
1304924.3	1304924.3	levofloxacin	
1304924.3	1304924.3	meropenem	
1304924.3	1304924.3	minocycline	
1304924.3	1304924.3	nitrofurantoin	
1304924.3	1304924.3	ampicillin/sulbactam	
1304924.3	1304924.3	tetracycline	
1304924.3	1304924.3	tigecycline	
1304924.3	1304924.3	tobramycin	
1304924.3	1304924.3	piperacillin/tazobactam	
1304924.3	1304924.3	polymyxin B	
1304924.3	1304924.3	trimethoprim/sulfamethoxazole	
1304924.3	1304924.3	trimethoprim/sulfamethoxazole	Susceptible
1304924.3	1304924.3	doripenem	Resistant
1306950.3	1306950.3	amoxicillin/clavulanic acid	
1306950.3	1306950.3	amikacin	
1306950.3	1306950.3	ampicillin	
1306950.3	1306950.3	aztreonam	
1306950.3	1306950.3	ceftazidime	
1306950.3	1306950.3	cefazolin	
1306950.3	1306950.3	chloramphenicol	
1306950.3	1306950.3	ciprofloxacin	
1306950.3	1306950.3	ceftriaxone	
1306950.3	1306950.3	colistin	
1306950.3	1306950.3	cefotaxime	
1306950.3	1306950.3	cefotaxime/clavulanic acid	
1306950.3	1306950.3	cefuroxime	
1306950.3	1306950.3	doripenem	
1306950.3	1306950.3	ertapenem	
1306950.3	1306950.3	cefepime	
1306950.3	1306950.3	fosfomycin	
1306950.3	1306950.3	cefoxitin	
1306950.3	1306950.3	gentamicin	
1306950.3	1306950.3	imipenem	
1306950.3	1306950.3	levofloxacin	
1306950.3	1306950.3	meropenem	
1306950.3	1306950.3	minocycline	
1306950.3	1306950.3	nitrofurantoin	
1306950.3	1306950.3	ampicillin/sulbactam	
1306950.3	1306950.3	tetracycline	
1306950.3	1306950.3	tigecycline	
1306950.3	1306950.3	tobramycin	
1306950.3	1306950.3	piperacillin/tazobactam	
1306950.3	1306950.3	polymyxin B	
1306950.3	1306950.3	trimethoprim/sulfamethoxazole	
1284787.3	1284787.3	doripenem	Resistant
1284787.3	1284787.3	trimethoprim/sulfamethoxazole	Resistant
1284787.3	1284787.3	colistin	Susceptible
1284787.3	1284787.3	tigecycline	Susceptible
1284787.3	1284787.3	ertapenem	Resistant
1284787.3	1284787.3	gentamicin	Resistant
1284787.3	1284787.3	amikacin	Susceptible
1284787.3	1284787.3	levofloxacin	Resistant
1284787.3	1284787.3	ciprofloxacin	Resistant
1284787.3	1284787.3	ticarcillin/clavulanic acid	Resistant
1284787.3	1284787.3	cefotaxime	Resistant
1284787.3	1284787.3	imipenem	Resistant
1284787.3	1284787.3	minocycline	Susceptible
1284787.3	1284787.3	piperacillin/tazobactam	Resistant
1284787.3	1284787.3	aztreonam	Resistant
1284787.3	1284787.3	tobramycin	Resistant
1284787.3	1284787.3	polymyxin B	Susceptible
1284787.3	1284787.3	ceftazidime	Resistant
1284787.3	1284787.3	amoxicillin/clavulanic acid	
1284787.3	1284787.3	amikacin	
1284787.3	1284787.3	ampicillin	
1284787.3	1284787.3	aztreonam	
1284787.3	1284787.3	ceftazidime	
1284787.3	1284787.3	cefazolin	
1284787.3	1284787.3	chloramphenicol	
1284787.3	1284787.3	ciprofloxacin	
1284787.3	1284787.3	ceftriaxone	
1284787.3	1284787.3	colistin	
1284787.3	1284787.3	cefotaxime	
1284787.3	1284787.3	cefotaxime/clavulanic acid	
1284787.3	1284787.3	cefuroxime	
1284787.3	1284787.3	doripenem	
1284787.3	1284787.3	ertapenem	
1284787.3	1284787.3	cefepime	
1284787.3	1284787.3	fosfomycin	
1284787.3	1284787.3	cefoxitin	
1284787.3	1284787.3	gentamicin	
1284787.3	1284787.3	imipenem	
1284787.3	1284787.3	levofloxacin	
1284787.3	1284787.3	meropenem	
1284787.3	1284787.3	minocycline	
1284787.3	1284787.3	nitrofurantoin	
1284787.3	1284787.3	ampicillin/sulbactam	
1284787.3	1284787.3	tetracycline	
1284787.3	1284787.3	tigecycline	
1284787.3	1284787.3	tobramycin	
1284787.3	1284787.3	piperacillin/tazobactam	
1284787.3	1284787.3	polymyxin B	
1284787.3	1284787.3	trimethoprim/sulfamethoxazole	
1284787.3	1284787.3	cefepime	Resistant
1284787.3	1284787.3	meropenem	Resistant
1284787.3	1284787.3	doxycycline	Susceptible
1284788.3	1284788.3	ciprofloxacin	Resistant
1284788.3	1284788.3	gentamicin	Susceptible
1284788.3	1284788.3	meropenem	Resistant
1284788.3	1284788.3	piperacillin/tazobactam	Resistant
1284788.3	1284788.3	doxycycline	Susceptible
1284788.3	1284788.3	aztreonam	Resistant
1284788.3	1284788.3	tigecycline	Susceptible
1284788.3	1284788.3	imipenem	Resistant
1284788.3	1284788.3	amikacin	Intermediate
1284788.3	1284788.3	cefotaxime	Resistant
1284788.3	1284788.3	levofloxacin	Resistant
1284788.3	1284788.3	colistin	Susceptible
1284788.3	1284788.3	polymyxin B	Susceptible
1284788.3	1284788.3	cefepime	Resistant
1284788.3	1284788.3	ertapenem	Resistant
1284788.3	1284788.3	minocycline	Susceptible
1284788.3	1284788.3	doripenem	Resistant
1284788.3	1284788.3	trimethoprim/sulfamethoxazole	Resistant
1284788.3	1284788.3	amoxicillin/clavulanic acid	
1284788.3	1284788.3	amikacin	
1284788.3	1284788.3	ampicillin	
1284788.3	1284788.3	aztreonam	
1284788.3	1284788.3	ceftazidime	
1284788.3	1284788.3	cefazolin	
1284788.3	1284788.3	chloramphenicol	
1284788.3	1284788.3	ciprofloxacin	
1284788.3	1284788.3	ceftriaxone	
1284788.3	1284788.3	colistin	
1284788.3	1284788.3	cefotaxime	
1284788.3	1284788.3	cefotaxime/clavulanic acid	
1284788.3	1284788.3	cefuroxime	
1284788.3	1284788.3	doripenem	
1284788.3	1284788.3	ertapenem	
1284788.3	1284788.3	cefepime	
1284788.3	1284788.3	fosfomycin	
1284788.3	1284788.3	cefoxitin	
1284788.3	1284788.3	gentamicin	
1284788.3	1284788.3	imipenem	
1284788.3	1284788.3	levofloxacin	
1284788.3	1284788.3	meropenem	
1284788.3	1284788.3	minocycline	
1284788.3	1284788.3	nitrofurantoin	
1284788.3	1284788.3	ampicillin/sulbactam	
1284788.3	1284788.3	tetracycline	
1284788.3	1284788.3	tigecycline	
1284788.3	1284788.3	tobramycin	
1284788.3	1284788.3	piperacillin/tazobactam	
1284788.3	1284788.3	polymyxin B	
1284788.3	1284788.3	trimethoprim/sulfamethoxazole	
1284788.3	1284788.3	ticarcillin/clavulanic acid	Resistant
1284788.3	1284788.3	ceftazidime	Resistant
1284788.3	1284788.3	tobramycin	Resistant
1284789.4	1284789.4	colistin	Resistant
1284789.4	1284789.4	imipenem	Resistant
1284789.4	1284789.4	ceftazidime	Resistant
1284789.4	1284789.4	gentamicin	Susceptible
1284789.4	1284789.4	ciprofloxacin	Resistant
1284789.4	1284789.4	levofloxacin	Resistant
1284789.4	1284789.4	ertapenem	Resistant
1284789.4	1284789.4	polymyxin B	Resistant
1284789.4	1284789.4	amikacin	Intermediate
1284789.4	1284789.4	minocycline	Intermediate
1284789.4	1284789.4	cefepime	Resistant
1284789.4	1284789.4	tobramycin	Resistant
1284789.4	1284789.4	cefotaxime	Resistant
1284789.4	1284789.4	meropenem	Resistant
1284789.4	1284789.4	doxycycline	Intermediate
1284789.4	1284789.4	tigecycline	Susceptible
1284789.4	1284789.4	doripenem	Resistant
1284789.4	1284789.4	ticarcillin/clavulanic acid	Resistant
1284789.4	1284789.4	aztreonam	Resistant
1284789.4	1284789.4	piperacillin/tazobactam	Resistant
1284789.4	1284789.4	trimethoprim/sulfamethoxazole	Susceptible
1284789.4	1284789.4	amoxicillin/clavulanic acid	
1284789.4	1284789.4	amikacin	
1284789.4	1284789.4	ampicillin	
1284789.4	1284789.4	aztreonam	
1284789.4	1284789.4	ceftazidime	
1284789.4	1284789.4	cefazolin	
1284789.4	1284789.4	chloramphenicol	
1284789.4	1284789.4	ciprofloxacin	
1284789.4	1284789.4	ceftriaxone	
1284789.4	1284789.4	colistin	
1284789.4	1284789.4	cefotaxime	
1284789.4	1284789.4	cefotaxime/clavulanic acid	
1284789.4	1284789.4	cefuroxime	
1284789.4	1284789.4	doripenem	
1284789.4	1284789.4	ertapenem	
1284789.4	1284789.4	cefepime	
1284789.4	1284789.4	fosfomycin	
1284789.4	1284789.4	cefoxitin	
1284789.4	1284789.4	gentamicin	
1284789.4	1284789.4	imipenem	
1284789.4	1284789.4	levofloxacin	
1284789.4	1284789.4	meropenem	
1284789.4	1284789.4	minocycline	
1284789.4	1284789.4	nitrofurantoin	
1284789.4	1284789.4	ampicillin/sulbactam	
1284789.4	1284789.4	tetracycline	
1284789.4	1284789.4	tigecycline	
1284789.4	1284789.4	tobramycin	
1284789.4	1284789.4	piperacillin/tazobactam	
1284789.4	1284789.4	polymyxin B	
1284789.4	1284789.4	trimethoprim/sulfamethoxazole	
1284790.3	1284790.3	colistin	Susceptible
1284790.3	1284790.3	cefepime	Resistant
1284790.3	1284790.3	doripenem	Resistant
1284790.3	1284790.3	trimethoprim/sulfamethoxazole	Resistant
1284790.3	1284790.3	doxycycline	Intermediate
1284790.3	1284790.3	amikacin	Intermediate
1284790.3	1284790.3	ciprofloxacin	Resistant
1284790.3	1284790.3	tigecycline	Susceptible
1284790.3	1284790.3	cefotaxime	Resistant
1284790.3	1284790.3	aztreonam	Resistant
1284790.3	1284790.3	ticarcillin/clavulanic acid	Resistant
1284790.3	1284790.3	imipenem	Resistant
1284790.3	1284790.3	minocycline	Intermediate
1284790.3	1284790.3	gentamicin	Susceptible
1284790.3	1284790.3	ertapenem	Resistant
1284790.3	1284790.3	piperacillin/tazobactam	Resistant
1284790.3	1284790.3	ceftazidime	Resistant
1284790.3	1284790.3	polymyxin B	Susceptible
1284790.3	1284790.3	tobramycin	Resistant
1284790.3	1284790.3	amoxicillin/clavulanic acid	
1284790.3	1284790.3	amikacin	
1284790.3	1284790.3	ampicillin	
1284790.3	1284790.3	aztreonam	
1284790.3	1284790.3	ceftazidime	
1284790.3	1284790.3	cefazolin	
1284790.3	1284790.3	chloramphenicol	
1284790.3	1284790.3	ciprofloxacin	
1284790.3	1284790.3	ceftriaxone	
1284790.3	1284790.3	colistin	
1284790.3	1284790.3	cefotaxime	
1284790.3	1284790.3	cefotaxime/clavulanic acid	
1284790.3	1284790.3	cefuroxime	
1284790.3	1284790.3	doripenem	
1284790.3	1284790.3	ertapenem	
1284790.3	1284790.3	cefepime	
1284790.3	1284790.3	fosfomycin	
1284790.3	1284790.3	cefoxitin	
1284790.3	1284790.3	gentamicin	
1284790.3	1284790.3	imipenem	
1284790.3	1284790.3	levofloxacin	
1284790.3	1284790.3	meropenem	
1284790.3	1284790.3	minocycline	
1284790.3	1284790.3	nitrofurantoin	
1284790.3	1284790.3	ampicillin/sulbactam	
1284790.3	1284790.3	tetracycline	
1284790.3	1284790.3	tigecycline	
1284790.3	1284790.3	tobramycin	
1284790.3	1284790.3	piperacillin/tazobactam	
1284790.3	1284790.3	polymyxin B	
1284790.3	1284790.3	trimethoprim/sulfamethoxazole	
1284790.3	1284790.3	levofloxacin	Resistant
1284790.3	1284790.3	meropenem	Resistant
1284791.4	1284791.4	colistin	Susceptible
1284791.4	1284791.4	doxycycline	Susceptible
1284791.4	1284791.4	tobramycin	Resistant
1284791.4	1284791.4	trimethoprim/sulfamethoxazole	Resistant
1284791.4	1284791.4	meropenem	Resistant
1284791.4	1284791.4	tigecycline	Susceptible
1284791.4	1284791.4	levofloxacin	Resistant
1284791.4	1284791.4	piperacillin/tazobactam	Resistant
1284791.4	1284791.4	aztreonam	Resistant
1284791.4	1284791.4	ertapenem	Resistant
1284791.4	1284791.4	doripenem	Resistant
1284791.4	1284791.4	ciprofloxacin	Resistant
1284791.4	1284791.4	polymyxin B	Susceptible
1284791.4	1284791.4	amikacin	Intermediate
1284791.4	1284791.4	ceftazidime	Resistant
1284791.4	1284791.4	gentamicin	Susceptible
1284791.4	1284791.4	imipenem	Resistant
1284791.4	1284791.4	amoxicillin/clavulanic acid	
1284791.4	1284791.4	amikacin	
1284791.4	1284791.4	ampicillin	
1284791.4	1284791.4	aztreonam	
1284791.4	1284791.4	ceftazidime	
1284791.4	1284791.4	cefazolin	
1284791.4	1284791.4	chloramphenicol	
1284791.4	1284791.4	ciprofloxacin	
1284791.4	1284791.4	ceftriaxone	
1284791.4	1284791.4	colistin	
1284791.4	1284791.4	cefotaxime	
1284791.4	1284791.4	cefotaxime/clavulanic acid	
1284791.4	1284791.4	cefuroxime	
1284791.4	1284791.4	doripenem	
1284791.4	1284791.4	ertapenem	
1284791.4	1284791.4	cefepime	
1284791.4	1284791.4	fosfomycin	
1284791.4	1284791.4	cefoxitin	
1284791.4	1284791.4	gentamicin	
1284791.4	1284791.4	imipenem	
1284791.4	1284791.4	levofloxacin	
1284791.4	1284791.4	meropenem	
1284791.4	1284791.4	minocycline	
1284791.4	1284791.4	nitrofurantoin	
1284791.4	1284791.4	ampicillin/sulbactam	
1284791.4	1284791.4	tetracycline	
1284791.4	1284791.4	tigecycline	
1284791.4	1284791.4	tobramycin	
1284791.4	1284791.4	piperacillin/tazobactam	
1284791.4	1284791.4	polymyxin B	
1284791.4	1284791.4	trimethoprim/sulfamethoxazole	
1284791.4	1284791.4	minocycline	Susceptible
1284791.4	1284791.4	ticarcillin/clavulanic acid	Resistant
1284791.4	1284791.4	cefepime	Resistant
1284791.4	1284791.4	cefotaxime	Resistant
1284792.4	1284792.4	doxycycline	Susceptible
1284792.4	1284792.4	piperacillin/tazobactam	Resistant
1284792.4	1284792.4	polymyxin B	Susceptible
1284792.4	1284792.4	cefotaxime	Resistant
1284792.4	1284792.4	aztreonam	Resistant
1284792.4	1284792.4	trimethoprim/sulfamethoxazole	Resistant
1284792.4	1284792.4	ticarcillin/clavulanic acid	Resistant
1284792.4	1284792.4	doripenem	Resistant
1284792.4	1284792.4	imipenem	Resistant
1284792.4	1284792.4	cefepime	Intermediate
1284792.4	1284792.4	colistin	Susceptible
1284792.4	1284792.4	tobramycin	Resistant
1284792.4	1284792.4	meropenem	Resistant
1284792.4	1284792.4	tigecycline	Susceptible
1284792.4	1284792.4	ertapenem	Resistant
1284792.4	1284792.4	amikacin	Susceptible
1284792.4	1284792.4	minocycline	Susceptible
1284792.4	1284792.4	levofloxacin	Resistant
1284792.4	1284792.4	gentamicin	Resistant
1284792.4	1284792.4	ciprofloxacin	Resistant
1284792.4	1284792.4	amoxicillin/clavulanic acid	
1284792.4	1284792.4	amikacin	
1284792.4	1284792.4	ampicillin	
1284792.4	1284792.4	aztreonam	
1284792.4	1284792.4	ceftazidime	
1284792.4	1284792.4	cefazolin	
1284792.4	1284792.4	chloramphenicol	
1284792.4	1284792.4	ciprofloxacin	
1284792.4	1284792.4	ceftriaxone	
1284792.4	1284792.4	colistin	
1284792.4	1284792.4	cefotaxime	
1284792.4	1284792.4	cefotaxime/clavulanic acid	
1284792.4	1284792.4	cefuroxime	
1284792.4	1284792.4	doripenem	
1284792.4	1284792.4	ertapenem	
1284792.4	1284792.4	cefepime	
1284792.4	1284792.4	fosfomycin	
1284792.4	1284792.4	cefoxitin	
1284792.4	1284792.4	gentamicin	
1284792.4	1284792.4	imipenem	
1284792.4	1284792.4	levofloxacin	
1284792.4	1284792.4	meropenem	
1284792.4	1284792.4	minocycline	
1284792.4	1284792.4	nitrofurantoin	
1284792.4	1284792.4	ampicillin/sulbactam	
1284792.4	1284792.4	tetracycline	
1284792.4	1284792.4	tigecycline	
1284792.4	1284792.4	tobramycin	
1284792.4	1284792.4	piperacillin/tazobactam	
1284792.4	1284792.4	polymyxin B	
1284792.4	1284792.4	trimethoprim/sulfamethoxazole	
1284792.4	1284792.4	ceftazidime	Resistant
1284793.4	1284793.4	amikacin	Susceptible
1284793.4	1284793.4	tobramycin	Resistant
1284793.4	1284793.4	imipenem	Resistant
1284793.4	1284793.4	doripenem	Resistant
1284793.4	1284793.4	cefepime	Resistant
1284793.4	1284793.4	cefotaxime	Resistant
1284793.4	1284793.4	ticarcillin/clavulanic acid	Resistant
1284793.4	1284793.4	doxycycline	Resistant
1284793.4	1284793.4	piperacillin/tazobactam	Resistant
1284793.4	1284793.4	tigecycline	Susceptible
1284793.4	1284793.4	polymyxin B	Susceptible
1284793.4	1284793.4	ciprofloxacin	Resistant
1284793.4	1284793.4	aztreonam	Resistant
1284793.4	1284793.4	ceftazidime	Resistant
1284793.4	1284793.4	trimethoprim/sulfamethoxazole	Resistant
1284793.4	1284793.4	ertapenem	Resistant
1284793.4	1284793.4	minocycline	Resistant
1284793.4	1284793.4	colistin	Susceptible
1284793.4	1284793.4	levofloxacin	Resistant
1284793.4	1284793.4	gentamicin	Resistant
1284793.4	1284793.4	amoxicillin/clavulanic acid	
1284793.4	1284793.4	amikacin	
1284793.4	1284793.4	ampicillin	
1284793.4	1284793.4	aztreonam	
1284793.4	1284793.4	ceftazidime	
1284793.4	1284793.4	cefazolin	
1284793.4	1284793.4	chloramphenicol	
1284793.4	1284793.4	ciprofloxacin	
1284793.4	1284793.4	ceftriaxone	
1284793.4	1284793.4	colistin	
1284793.4	1284793.4	cefotaxime	
1284793.4	1284793.4	cefotaxime/clavulanic acid	
1284793.4	1284793.4	cefuroxime	
1284793.4	1284793.4	doripenem	
1284793.4	1284793.4	ertapenem	
1284793.4	1284793.4	cefepime	
1284793.4	1284793.4	fosfomycin	
1284793.4	1284793.4	cefoxitin	
1284793.4	1284793.4	gentamicin	
1284793.4	1284793.4	imipenem	
1284793.4	1284793.4	levofloxacin	
1284793.4	1284793.4	meropenem	
1284793.4	1284793.4	minocycline	
1284793.4	1284793.4	nitrofurantoin	
1284793.4	1284793.4	ampicillin/sulbactam	
1284793.4	1284793.4	tetracycline	
1284793.4	1284793.4	tigecycline	
1284793.4	1284793.4	tobramycin	
1284793.4	1284793.4	piperacillin/tazobactam	
1284793.4	1284793.4	polymyxin B	
1284793.4	1284793.4	trimethoprim/sulfamethoxazole	
1284793.4	1284793.4	meropenem	Resistant
1284794.4	1284794.4	ertapenem	Resistant
1284794.4	1284794.4	ceftazidime	Resistant
1284794.4	1284794.4	imipenem	Resistant
1284794.4	1284794.4	doxycycline	Intermediate
1284794.4	1284794.4	tobramycin	Resistant
1284794.4	1284794.4	trimethoprim/sulfamethoxazole	Resistant
1284794.4	1284794.4	levofloxacin	Resistant
1284794.4	1284794.4	tigecycline	Susceptible
1284794.4	1284794.4	cefepime	Intermediate
1284794.4	1284794.4	cefotaxime	Resistant
1284794.4	1284794.4	doripenem	Intermediate
1284794.4	1284794.4	piperacillin/tazobactam	Resistant
1284794.4	1284794.4	polymyxin B	Susceptible
1284794.4	1284794.4	amikacin	Susceptible
1284794.4	1284794.4	minocycline	Intermediate
1284794.4	1284794.4	aztreonam	Resistant
1284794.4	1284794.4	ciprofloxacin	Resistant
1284794.4	1284794.4	amoxicillin/clavulanic acid	
1284794.4	1284794.4	amikacin	
1284794.4	1284794.4	ampicillin	
1284794.4	1284794.4	aztreonam	
1284794.4	1284794.4	ceftazidime	
1284794.4	1284794.4	cefazolin	
1284794.4	1284794.4	chloramphenicol	
1284794.4	1284794.4	ciprofloxacin	
1284794.4	1284794.4	ceftriaxone	
1284794.4	1284794.4	colistin	
1284794.4	1284794.4	cefotaxime	
1284794.4	1284794.4	cefotaxime/clavulanic acid	
1284794.4	1284794.4	cefuroxime	
1284794.4	1284794.4	doripenem	
1284794.4	1284794.4	ertapenem	
1284794.4	1284794.4	cefepime	
1284794.4	1284794.4	fosfomycin	
1284794.4	1284794.4	cefoxitin	
1284794.4	1284794.4	gentamicin	
1284794.4	1284794.4	imipenem	
1284794.4	1284794.4	levofloxacin	
1284794.4	1284794.4	meropenem	
1284794.4	1284794.4	minocycline	
1284794.4	1284794.4	nitrofurantoin	
1284794.4	1284794.4	ampicillin/sulbactam	
1284794.4	1284794.4	tetracycline	
1284794.4	1284794.4	tigecycline	
1284794.4	1284794.4	tobramycin	
1284794.4	1284794.4	piperacillin/tazobactam	
1284794.4	1284794.4	polymyxin B	
1284794.4	1284794.4	trimethoprim/sulfamethoxazole	
1284794.4	1284794.4	gentamicin	Resistant
1284794.4	1284794.4	colistin	Susceptible
1284794.4	1284794.4	meropenem	Resistant
1284794.4	1284794.4	ticarcillin/clavulanic acid	Resistant
1284795.4	1284795.4	amikacin	Susceptible
1284795.4	1284795.4	doxycycline	Intermediate
1284795.4	1284795.4	minocycline	Intermediate
1284795.4	1284795.4	tobramycin	Resistant
1284795.4	1284795.4	cefepime	Intermediate
1284795.4	1284795.4	trimethoprim/sulfamethoxazole	Resistant
1284795.4	1284795.4	meropenem	Resistant
1284795.4	1284795.4	gentamicin	Resistant
1284795.4	1284795.4	imipenem	Resistant
1284795.4	1284795.4	piperacillin/tazobactam	Resistant
1284795.4	1284795.4	ciprofloxacin	Resistant
1284795.4	1284795.4	tigecycline	Susceptible
1284795.4	1284795.4	cefotaxime	Resistant
1284795.4	1284795.4	polymyxin B	Susceptible
1284795.4	1284795.4	levofloxacin	Resistant
1284795.4	1284795.4	colistin	Susceptible
1284795.4	1284795.4	ertapenem	Resistant
1284795.4	1284795.4	aztreonam	Resistant
1284795.4	1284795.4	ticarcillin/clavulanic acid	Resistant
1284795.4	1284795.4	amoxicillin/clavulanic acid	
1284795.4	1284795.4	amikacin	
1284795.4	1284795.4	ampicillin	
1284795.4	1284795.4	aztreonam	
1284795.4	1284795.4	ceftazidime	
1284795.4	1284795.4	cefazolin	
1284795.4	1284795.4	chloramphenicol	
1284795.4	1284795.4	ciprofloxacin	
1284795.4	1284795.4	ceftriaxone	
1284795.4	1284795.4	colistin	
1284795.4	1284795.4	cefotaxime	
1284795.4	1284795.4	cefotaxime/clavulanic acid	
1284795.4	1284795.4	cefuroxime	
1284795.4	1284795.4	doripenem	
1284795.4	1284795.4	ertapenem	
1284795.4	1284795.4	cefepime	
1284795.4	1284795.4	fosfomycin	
1284795.4	1284795.4	cefoxitin	
1284795.4	1284795.4	gentamicin	
1284795.4	1284795.4	imipenem	
1284795.4	1284795.4	levofloxacin	
1284795.4	1284795.4	meropenem	
1284795.4	1284795.4	minocycline	
1284795.4	1284795.4	nitrofurantoin	
1284795.4	1284795.4	ampicillin/sulbactam	
1284795.4	1284795.4	tetracycline	
1284795.4	1284795.4	tigecycline	
1284795.4	1284795.4	tobramycin	
1284795.4	1284795.4	piperacillin/tazobactam	
1284795.4	1284795.4	polymyxin B	
1284795.4	1284795.4	trimethoprim/sulfamethoxazole	
1284795.4	1284795.4	doripenem	Resistant
1284795.4	1284795.4	ceftazidime	Resistant
1284796.3	1284796.3	gentamicin	Susceptible
1284796.3	1284796.3	aztreonam	Resistant
1284796.3	1284796.3	cefotaxime	Resistant
1284796.3	1284796.3	piperacillin/tazobactam	Resistant
1284796.3	1284796.3	minocycline	Susceptible
1284796.3	1284796.3	ertapenem	Resistant
1284796.3	1284796.3	ciprofloxacin	Resistant
1284796.3	1284796.3	tigecycline	Susceptible
1284796.3	1284796.3	levofloxacin	Resistant
1284796.3	1284796.3	doripenem	Resistant
1284796.3	1284796.3	tobramycin	Intermediate
1284796.3	1284796.3	cefepime	Resistant
1284796.3	1284796.3	polymyxin B	Susceptible
1284796.3	1284796.3	ticarcillin/clavulanic acid	Resistant
1284796.3	1284796.3	amikacin	Susceptible
1284796.3	1284796.3	meropenem	Resistant
1284796.3	1284796.3	doxycycline	Susceptible
1284796.3	1284796.3	trimethoprim/sulfamethoxazole	Resistant
1284796.3	1284796.3	imipenem	Resistant
1284796.3	1284796.3	amoxicillin/clavulanic acid	
1284796.3	1284796.3	amikacin	
1284796.3	1284796.3	ampicillin	
1284796.3	1284796.3	aztreonam	
1284796.3	1284796.3	ceftazidime	
1284796.3	1284796.3	cefazolin	
1284796.3	1284796.3	chloramphenicol	
1284796.3	1284796.3	ciprofloxacin	
1284796.3	1284796.3	ceftriaxone	
1284796.3	1284796.3	colistin	
1284796.3	1284796.3	cefotaxime	
1284796.3	1284796.3	cefotaxime/clavulanic acid	
1284796.3	1284796.3	cefuroxime	
1284796.3	1284796.3	doripenem	
1284796.3	1284796.3	ertapenem	
1284796.3	1284796.3	cefepime	
1284796.3	1284796.3	fosfomycin	
1284796.3	1284796.3	cefoxitin	
1284796.3	1284796.3	gentamicin	
1284796.3	1284796.3	imipenem	
1284796.3	1284796.3	levofloxacin	
1284796.3	1284796.3	meropenem	
1284796.3	1284796.3	minocycline	
1284796.3	1284796.3	nitrofurantoin	
1284796.3	1284796.3	ampicillin/sulbactam	
1284796.3	1284796.3	tetracycline	
1284796.3	1284796.3	tigecycline	
1284796.3	1284796.3	tobramycin	
1284796.3	1284796.3	piperacillin/tazobactam	
1284796.3	1284796.3	polymyxin B	
1284796.3	1284796.3	trimethoprim/sulfamethoxazole	
1284796.3	1284796.3	ceftazidime	Resistant
1284796.3	1284796.3	colistin	Susceptible
1284797.4	1284797.4	piperacillin/tazobactam	Resistant
1284797.4	1284797.4	cefepime	Susceptible
1284797.4	1284797.4	gentamicin	Susceptible
1284797.4	1284797.4	colistin	Susceptible
1284797.4	1284797.4	polymyxin B	Susceptible
1284797.4	1284797.4	ertapenem	Resistant
1284797.4	1284797.4	trimethoprim/sulfamethoxazole	Susceptible
1284797.4	1284797.4	meropenem	Resistant
1284797.4	1284797.4	doripenem	Intermediate
1284797.4	1284797.4	levofloxacin	Susceptible
1284797.4	1284797.4	tobramycin	Intermediate
1284797.4	1284797.4	aztreonam	Resistant
1284797.4	1284797.4	minocycline	Susceptible
1284797.4	1284797.4	tigecycline	Susceptible
1284797.4	1284797.4	ciprofloxacin	Susceptible
1284797.4	1284797.4	doxycycline	Susceptible
1284797.4	1284797.4	cefotaxime	Resistant
1284797.4	1284797.4	imipenem	Resistant
1284797.4	1284797.4	ticarcillin/clavulanic acid	Resistant
1284797.4	1284797.4	ceftazidime	Resistant
1284797.4	1284797.4	amoxicillin/clavulanic acid	
1284797.4	1284797.4	amikacin	
1284797.4	1284797.4	ampicillin	
1284797.4	1284797.4	aztreonam	
1284797.4	1284797.4	ceftazidime	
1284797.4	1284797.4	cefazolin	
1284797.4	1284797.4	chloramphenicol	
1284797.4	1284797.4	ciprofloxacin	
1284797.4	1284797.4	ceftriaxone	
1284797.4	1284797.4	colistin	
1284797.4	1284797.4	cefotaxime	
1284797.4	1284797.4	cefotaxime/clavulanic acid	
1284797.4	1284797.4	cefuroxime	
1284797.4	1284797.4	doripenem	
1284797.4	1284797.4	ertapenem	
1284797.4	1284797.4	cefepime	
1284797.4	1284797.4	fosfomycin	
1284797.4	1284797.4	cefoxitin	
1284797.4	1284797.4	gentamicin	
1284797.4	1284797.4	imipenem	
1284797.4	1284797.4	levofloxacin	
1284797.4	1284797.4	meropenem	
1284797.4	1284797.4	minocycline	
1284797.4	1284797.4	nitrofurantoin	
1284797.4	1284797.4	ampicillin/sulbactam	
1284797.4	1284797.4	tetracycline	
1284797.4	1284797.4	tigecycline	
1284797.4	1284797.4	tobramycin	
1284797.4	1284797.4	piperacillin/tazobactam	
1284797.4	1284797.4	polymyxin B	
1284797.4	1284797.4	trimethoprim/sulfamethoxazole	
1284797.4	1284797.4	amikacin	Susceptible
1284798.10	1284798.10	amoxicillin/clavulanic acid	
1284798.10	1284798.10	amikacin	
1284798.10	1284798.10	ampicillin	
1284798.10	1284798.10	aztreonam	
1284798.10	1284798.10	ceftazidime	
1284798.10	1284798.10	cefazolin	
1284798.10	1284798.10	chloramphenicol	
1284798.10	1284798.10	ciprofloxacin	
1284798.10	1284798.10	ceftriaxone	
1284798.10	1284798.10	colistin	
1284798.10	1284798.10	cefotaxime	
1284798.10	1284798.10	cefotaxime/clavulanic acid	
1284798.10	1284798.10	cefuroxime	
1284798.10	1284798.10	doripenem	
1284798.10	1284798.10	ertapenem	
1284798.10	1284798.10	cefepime	
1284798.10	1284798.10	fosfomycin	
1284798.10	1284798.10	cefoxitin	
1284798.10	1284798.10	gentamicin	
1284798.10	1284798.10	imipenem	
1284798.10	1284798.10	levofloxacin	
1284798.10	1284798.10	meropenem	
1284798.10	1284798.10	minocycline	
1284798.10	1284798.10	nitrofurantoin	
1284798.10	1284798.10	ampicillin/sulbactam	
1284798.10	1284798.10	tetracycline	
1284798.10	1284798.10	tigecycline	
1284798.10	1284798.10	tobramycin	
1284798.10	1284798.10	piperacillin/tazobactam	
1284798.10	1284798.10	polymyxin B	
1284798.10	1284798.10	trimethoprim/sulfamethoxazole	
1284798.11	1284798.11	amoxicillin/clavulanic acid	
1284798.11	1284798.11	amikacin	
1284798.11	1284798.11	ampicillin	
1284798.11	1284798.11	aztreonam	
1284798.11	1284798.11	ceftazidime	
1284798.11	1284798.11	cefazolin	
1284798.11	1284798.11	chloramphenicol	
1284798.11	1284798.11	ciprofloxacin	
1284798.11	1284798.11	ceftriaxone	
1284798.11	1284798.11	colistin	
1284798.11	1284798.11	cefotaxime	
1284798.11	1284798.11	cefotaxime/clavulanic acid	
1284798.11	1284798.11	cefuroxime	
1284798.11	1284798.11	doripenem	
1284798.11	1284798.11	ertapenem	
1284798.11	1284798.11	cefepime	
1284798.11	1284798.11	fosfomycin	
1284798.11	1284798.11	cefoxitin	
1284798.11	1284798.11	gentamicin	
1284798.11	1284798.11	imipenem	
1284798.11	1284798.11	levofloxacin	
1284798.11	1284798.11	meropenem	
1284798.11	1284798.11	minocycline	
1284798.11	1284798.11	nitrofurantoin	
1284798.11	1284798.11	ampicillin/sulbactam	
1284798.11	1284798.11	tetracycline	
1284798.11	1284798.11	tigecycline	
1284798.11	1284798.11	tobramycin	
1284798.11	1284798.11	piperacillin/tazobactam	
1284798.11	1284798.11	polymyxin B	
1284798.11	1284798.11	trimethoprim/sulfamethoxazole	
1284798.4	1284798.4	ceftazidime	Resistant
1284798.4	1284798.4	ticarcillin/clavulanic acid	Resistant
1284798.4	1284798.4	piperacillin/tazobactam	Resistant
1284798.4	1284798.4	imipenem	Resistant
1284798.4	1284798.4	tigecycline	Susceptible
1284798.4	1284798.4	doxycycline	Susceptible
1284798.4	1284798.4	amikacin	Susceptible
1284798.4	1284798.4	gentamicin	Susceptible
1284798.4	1284798.4	polymyxin B	Susceptible
1284798.4	1284798.4	aztreonam	Resistant
1284798.4	1284798.4	meropenem	Resistant
1284798.4	1284798.4	colistin	Susceptible
1284798.4	1284798.4	cefotaxime	Resistant
1284798.4	1284798.4	doripenem	Susceptible
1284798.4	1284798.4	cefepime	Intermediate
1284798.4	1284798.4	ertapenem	Resistant
1284798.4	1284798.4	tobramycin	Intermediate
1284798.4	1284798.4	minocycline	Susceptible
1284798.4	1284798.4	ciprofloxacin	Resistant
1284798.4	1284798.4	trimethoprim/sulfamethoxazole	Resistant
1284798.4	1284798.4	amoxicillin/clavulanic acid	
1284798.4	1284798.4	amikacin	
1284798.4	1284798.4	ampicillin	
1284798.4	1284798.4	aztreonam	
1284798.4	1284798.4	ceftazidime	
1284798.4	1284798.4	cefazolin	
1284798.4	1284798.4	chloramphenicol	
1284798.4	1284798.4	ciprofloxacin	
1284798.4	1284798.4	ceftriaxone	
1284798.4	1284798.4	colistin	
1284798.4	1284798.4	cefotaxime	
1284798.4	1284798.4	cefotaxime/clavulanic acid	
1284798.4	1284798.4	cefuroxime	
1284798.4	1284798.4	doripenem	
1284798.4	1284798.4	ertapenem	
1284798.4	1284798.4	cefepime	
1284798.4	1284798.4	fosfomycin	
1284798.4	1284798.4	cefoxitin	
1284798.4	1284798.4	gentamicin	
1284798.4	1284798.4	imipenem	
1284798.4	1284798.4	levofloxacin	
1284798.4	1284798.4	meropenem	
1284798.4	1284798.4	minocycline	
1284798.4	1284798.4	nitrofurantoin	
1284798.4	1284798.4	ampicillin/sulbactam	
1284798.4	1284798.4	tetracycline	
1284798.4	1284798.4	tigecycline	
1284798.4	1284798.4	tobramycin	
1284798.4	1284798.4	piperacillin/tazobactam	
1284798.4	1284798.4	polymyxin B	
1284798.4	1284798.4	trimethoprim/sulfamethoxazole	
1284798.4	1284798.4	levofloxacin	Resistant
1284798.9	1284798.9	amoxicillin/clavulanic acid	
1284798.9	1284798.9	amikacin	
1284798.9	1284798.9	ampicillin	
1284798.9	1284798.9	aztreonam	
1284798.9	1284798.9	ceftazidime	
1284798.9	1284798.9	cefazolin	
1284798.9	1284798.9	chloramphenicol	
1284798.9	1284798.9	ciprofloxacin	
1284798.9	1284798.9	ceftriaxone	
1284798.9	1284798.9	colistin	
1284798.9	1284798.9	cefotaxime	
1284798.9	1284798.9	cefotaxime/clavulanic acid	
1284798.9	1284798.9	cefuroxime	
1284798.9	1284798.9	doripenem	
1284798.9	1284798.9	ertapenem	
1284798.9	1284798.9	cefepime	
1284798.9	1284798.9	fosfomycin	
1284798.9	1284798.9	cefoxitin	
1284798.9	1284798.9	gentamicin	
1284798.9	1284798.9	imipenem	
1284798.9	1284798.9	levofloxacin	
1284798.9	1284798.9	meropenem	
1284798.9	1284798.9	minocycline	
1284798.9	1284798.9	nitrofurantoin	
1284798.9	1284798.9	ampicillin/sulbactam	
1284798.9	1284798.9	tetracycline	
1284798.9	1284798.9	tigecycline	
1284798.9	1284798.9	tobramycin	
1284798.9	1284798.9	piperacillin/tazobactam	
1284798.9	1284798.9	polymyxin B	
1284798.9	1284798.9	trimethoprim/sulfamethoxazole	
1284799.4	1284799.4	ciprofloxacin	Resistant
1284799.4	1284799.4	ceftazidime	Resistant
1284799.4	1284799.4	ticarcillin/clavulanic acid	Resistant
1284799.4	1284799.4	tigecycline	Susceptible
1284799.4	1284799.4	amikacin	Susceptible
1284799.4	1284799.4	aztreonam	Resistant
1284799.4	1284799.4	doripenem	Resistant
1284799.4	1284799.4	cefepime	Resistant
1284799.4	1284799.4	polymyxin B	Susceptible
1284799.4	1284799.4	ertapenem	Resistant
1284799.4	1284799.4	gentamicin	Resistant
1284799.4	1284799.4	piperacillin/tazobactam	Resistant
1284799.4	1284799.4	tobramycin	Resistant
1284799.4	1284799.4	doxycycline	Susceptible
1284799.4	1284799.4	levofloxacin	Resistant
1284799.4	1284799.4	imipenem	Resistant
1284799.4	1284799.4	trimethoprim/sulfamethoxazole	Resistant
1284799.4	1284799.4	colistin	Resistant
1284799.4	1284799.4	amoxicillin/clavulanic acid	
1284799.4	1284799.4	amikacin	
1284799.4	1284799.4	ampicillin	
1284799.4	1284799.4	aztreonam	
1284799.4	1284799.4	ceftazidime	
1284799.4	1284799.4	cefazolin	
1284799.4	1284799.4	chloramphenicol	
1284799.4	1284799.4	ciprofloxacin	
1284799.4	1284799.4	ceftriaxone	
1284799.4	1284799.4	colistin	
1284799.4	1284799.4	cefotaxime	
1284799.4	1284799.4	cefotaxime/clavulanic acid	
1284799.4	1284799.4	cefuroxime	
1284799.4	1284799.4	doripenem	
1284799.4	1284799.4	ertapenem	
1284799.4	1284799.4	cefepime	
1284799.4	1284799.4	fosfomycin	
1284799.4	1284799.4	cefoxitin	
1284799.4	1284799.4	gentamicin	
1284799.4	1284799.4	imipenem	
1284799.4	1284799.4	levofloxacin	
1284799.4	1284799.4	meropenem	
1284799.4	1284799.4	minocycline	
1284799.4	1284799.4	nitrofurantoin	
1284799.4	1284799.4	ampicillin/sulbactam	
1284799.4	1284799.4	tetracycline	
1284799.4	1284799.4	tigecycline	
1284799.4	1284799.4	tobramycin	
1284799.4	1284799.4	piperacillin/tazobactam	
1일괄 작업을 끝내시겠습니까 (Y/N)? 
